Workbook

Sheet 인사현황
A1: =TODAY() -> 46113 | D1: 기본이력사항 | P1: 회사 근무 현황 | AK1: 급여정보 | AO1: 기타 인사 관련 참고 사항
A3: 이름 | B3: 소속 본부 | C3: 소속팀 | D3: 나이(만) | E3: 병역 | F3: 결혼유무 | G3: 자녀 | H3: 개인이력 | I3: 주소 | J3: 학력 | K3: 최종학교명 | L3: 주전공 | M3: 급여계좌(우리) | N3: 근무년수 | O3: 근무일수 | P3: 입사년도 | Q3: 입사년 | R3: 입사월 | S3: 입사일 | T3: 재직여부 | U3: 퇴사년도 | V3: 퇴사년 | W3: 퇴사월 | X3: 퇴사일 | Y3: 퇴직사유 | Z3: 정규직 전환일 | AA3: 최초 직위 | AB3: 대리 승진일 | AC3: 과장 승진일 | AD3: 차장 승진일 | AE3: 부장 승진일 | AF3: 수석부장 승진일 | AG3: 현 승급 | AH3: 포상여부 | AI3: 휴직기간 | AJ3: 최종 직급 | AK3: 월급여 | AL3: 인센티브 | AM3: 기준연봉 | AN3: 실제연봉
A4: 조경희 | B4: 연구소 | D4: =조경희!N6 -> 61 | F4: 유 | G4: 2 | I4: 서울특별시 동작구 동작대로29길 109동1103호 사당동 극동아파트 | J4: =조경희!Q19 -> 대졸 | K4: =조경희!I19 -> 서울대학교 | L4: =조경희!L19 -> 계산통계학 | M4: 1002-137-499461 | N4: =O4/365 -> 25.59726 | O4: =$A$1-P4 -> 9343 | P4: =조경희!E3 -> 36770 | Q4: =YEAR(P4) -> 2000 | R4: =MONTH(P4) -> 9 | S4: =DAY(P4) -> 1 | T4: 재직 | AA4: 소장 | AG4: 41640 | AJ4: 전무이사
A5: 김우찬 | B5: =김우찬!AA3 -> 학원사업본부 | D5: =김우찬!N6 -> 49 | E5: 필 | F5: 유 | G5: 3 | I5: =김우찬!E8 -> 서울시 영등포구 | J5: =김우찬!Q19 -> 대졸 | K5: =김우찬!I20 -> 숭실대학교 | L5: =김우찬!L20 -> 전산원 | M5: 461-116613-02-101 | N5: =O5/365 -> 24.178082 | O5: =$A$1-P5 -> 8825 | P5: =김우찬!E3 -> 37288 | Q5: =YEAR(P5) -> 2002 | R5: =MONTH(P5) -> 2 | S5: =DAY(P5) -> 1 | T5: 재직 | Z5: 37438 | AA5: 사원 | AB5: 38100 | AC5: 38749 | AD5: 39814 | AE5: 41275 | AJ5: 본부장
A6: 강종태 | B6: =강종태!AA3 -> 경영총괄실 | D6: =강종태!N6 -> 50 | E6: 필 | F6: 유 | G6: 1 | I6: =강종태!E8 -> 경기도 의왕시 | J6: =강종태!Q19 -> 대졸 | K6: =강종태!I20 -> 서울대 | L6: =강종태!L20 -> 기계항공공학부 | M6: 1002-833-449249 | N6: =O6/365 -> 22.59726 | O6: =$A$1-P6 -> 8248 | P6: =강종태!E3 -> 37865 | Q6: =YEAR(P6) -> 2003 | R6: =MONTH(P6) -> 9 | S6: =DAY(P6) -> 1 | T6: 재직 | AA6: 사원 | AB6: 38100 | AC6: 38749 | AD6: 39814 | AE6: 41275 | AJ6: 이사/실장
A7: 이상훈 | B7: =이상훈!AA3 -> 출판사업본부 | D7: =이상훈!N6 -> 53 | E7: 필 | F7: 유 | G7: 1 | I7: =이상훈!E8 -> 경기도 고양시 덕양구 | J7: =이상훈!Q19 -> 대졸 | K7: =이상훈!I20 -> 명지대학교 | L7: =이상훈!K20 -> 행정학(법학) | M7: 1002-629-089788 | N7: =O7/365 -> 17.676712 | O7: =$A$1-P7 -> 6452 | P7: =이상훈!E3 -> 39661 | Q7: =YEAR(P7) -> 2008 | R7: =MONTH(P7) -> 8 | S7: =DAY(P7) -> 1 | T7: 재직 | AA7: 과장 | AD7: 40909 | AJ7: 본부장
A8: 전연진 | B8: 연구소 | C8: =전연진!AE3 -> 개발팀 | D8: =전연진!N6 -> 46 | F8: 유 | G8: 2 | I8: =전연진!E8 -> 경기도 부천시 | J8: =전연진!Q19 -> 석사 | K8: =전연진!I20 -> 건국대 교육대학원 | L8: =전연진!L20 -> 영재교육전공 | M8: 1002-330-916674 | N8: =O8/365 -> 17.572603 | O8: =$A$1-P8 -> 6414 | P8: =전연진!E3 -> 39699 | Q8: =YEAR(P8) -> 2008 | R8: =MONTH(P8) -> 9 | S8: =DAY(P8) -> 8 | T8: 재직 | AA8: 대리 | AC8: 40909 | AJ8: 부소장
A9: 유상욱 | B9: 연구소 | C9: 스마트학습팀 | D9: =유상욱!N6 -> 47 | E9: 필 | F9: 무 | I9: =유상욱!E8 -> 경기도 하남시 | J9: =유상욱!Q19 -> 대졸 | K9: =유상욱!I20 -> 국민대학교 | L9: =유상욱!L20 -> 전자공학 | M9: 553-102619-02-001 | N9: =O9/365 -> 17.476712 | O9: =$A$1-P9 -> 6379 | P9: =유상욱!E3 -> 39734 | Q9: =YEAR(P9) -> 2008 | R9: =MONTH(P9) -> 10 | S9: =DAY(P9) -> 13 | T9: 재직 | AA9: 사원 | AB9: 40179 | AC9: 41275 | AJ9: 팀장
A10: 송재완 | B10: =송재완!AA3 -> 출판사업본부 | C10: 출판영업팀 | D10: =송재완!N6 -> 48 | E10: 필 | F10: 유 | G10: 1 | I10: =송재완!E8 -> 경기도 수원시 장안구 | J10: =송재완!Q19 -> 대졸 | K10: =송재완!I20 -> 호원대학교 | L10: =송재완!K20 -> 관광경영학 | M10: 1002-738-307629 | N10: =O10/365 -> 17.4 | O10: =$A$1-P10 -> 6351 | P10: =송재완!E3 -> 39762 | Q10: =YEAR(P10) -> 2008 | R10: =MONTH(P10) -> 11 | S10: =DAY(P10) -> 10 | T10: 재직 | AA10: 대리 | AC10: 40909 | AJ10: 팀장
A11: 양현미 | B11: 학원사업본부 | C11: 직영관리팀 | D11: =양현미!N6 -> 49 | F11: 무 | I11: =양현미!E8 -> 서울시 성북구 | J11: 대졸 | K11: =양현미!I20 -> 상명대학교 | L11: =양현미!L20 -> 지리학 | M11: 136-330232-02-001 | N11: =O11/365 -> 16.172603 | O11: =$A$1-P11 -> 5903 | P11: =양현미!E3 -> 40210 | Q11: =YEAR(P11) -> 2010 | R11: =MONTH(P11) -> 2 | S11: =DAY(P11) -> 1 | T11: 재직 | AA11: 대리 | AC11: 40909 | AJ11: 팀장
A12: 심종주 | B12: =심종주!AA3 -> 경영총괄실 | C12: 경영지원팀 | D12: =심종주!N6 -> 42 | E12: 필 | F12: 유 | G12: 2 | I12: =심종주!E8 -> 경기도 파주시 | J12: =심종주!Q19 -> 대졸 | K12: =심종주!I19 -> 한성대학교 | L12: =심종주!L19 -> 경영학과 | M12: 1002-833-919565 | N12: =O12/365 -> 16.131507 | O12: =$A$1-P12 -> 5888 | P12: =심종주!E3 -> 40225 | Q12: =YEAR(P12) -> 2010 | R12: =MONTH(P12) -> 2 | S12: =DAY(P12) -> 16 | T12: 재직 | AA12: 사원 | AB12: 41275 | AJ12: 팀장
A13: 박민정 | B13: =박민정!AA3 -> 경영총괄실 | C13: 경영지원팀 | D13: =박민정!N6 -> 39 | F13: 무 | I13: =박민정!E8 -> 충북 보은군 보은읍 | J13: =박민정!Q19 -> 대졸 | K13: =박민정!I19 -> 한남대학교 | L13: =박민정!L19 -> 수학과 | M13: 1002-743-189595 | N13: =O13/365 -> 15.309589 | O13: =$A$1-P13 -> 5588 | P13: =박민정!E3 -> 40525 | Q13: =YEAR(P13) -> 2010 | R13: =MONTH(P13) -> 12 | S13: =DAY(P13) -> 13 | T13: 재직 | AA13: 사원 | AE13: 41640
A14: 김진형 | B14: 학원사업본부 | C14: 가맹영업팀 | D14: =김진형!N6 -> 42 | E14: 필 | F14: 유 | G14: 1 | I14: =김진형!E8 -> 서울특별시 은평구 진관동 22 | J14: =김진형!Q19 -> 대졸 | K14: =김진형!I20 -> TSING HUA UNI. | L14: =김진형!K20 -> 중어중문 | M14: 1002-837-329790 | N14: =O14/365 -> 12.490411 | O14: =$A$1-P14 -> 4559 | P14: =김진형!E3 -> 41554 | Q14: =YEAR(P14) -> 2013 | R14: =MONTH(P14) -> 10 | S14: =DAY(P14) -> 7 | T14: 재직 | AA14: 사원 | AJ14: 팀장
A15: 김숙희 | B15: 연구소 | C15: =김숙희!AE3 -> 개발팀 | D15: =김숙희!N6 -> 37 | F15: 무 | I15: =김숙희!E8 -> 서울 송파구 오륜동 | J15: =김숙희!Q19 -> 학사 | K15: =김숙희!I20 -> 서울여자대학교 | L15: =김숙희!K20 -> 수학과 | M15: 1002-235-668776 | N15: =김숙희!N7 -> 12.093151 | O15: =$A$1-P15 -> 4414 | P15: =김숙희!E3 -> 41699 | Q15: 2014 | R15: 3 | S15: 1 | T15: 재직 | AA15: 사원
A16: 김소라 | B16: 연구소 | C16: 이러닝디자인팀 | D16: =김소라!N6 -> 38 | F16: 유 | G16: 1 | I16: =김소라!E8 -> 서울시 중랑구 | J16: =김소라!Q19 -> 학사 | K16: =김소라!I20 -> 강원대학교 | L16: =김소라!K20 -> 생명공학과 | M16: 1002-551-003339 | N16: =김소라!N7 -> 12.030137 | O16: =$A$1-P16 -> 4391 | P16: =김소라!E3 -> 41722 | Q16: 2014 | R16: 3 | S16: 24 | T16: 재직 | AA16: 사원
A17: 오우림 | B17: =오우림!AA3 -> 학원사업본부 | C17: =오우림!AE3 -> 가맹영업팀 | D17: =오우림!N6 -> 36 | E17: 필 | F17: 유 | G17: 2 | I17: =오우림!E8 -> 경기도 수원시 팔당구 | J17: =오우림!Q19 -> 대졸 | K17: =오우림!I20 -> 건국대학교 | L17: =오우림!K20 -> 생명공학 | M17: 1002-354-559313 | N17: =오우림!N7 -> 10.421918 | O17: =$A$1-P17 -> 3804 | P17: =오우림!E3 -> 42309 | Q17: 2015 | R17: 11 | S17: 1 | T17: 재직 | AA17: 사원
A18: 박미영 | B18: 연구소 | C18: 이러닝디자인팀 | D18: =박미영!N6 -> 52 | F18: 무 | I18: =박미영!E8 -> 서울특별시 송파구 | J18: =박미영!Q19 -> 대졸 | K18: =박미영!I20 -> 인천대학교 | L18: =박미영!K20 -> 영어과 | M18: 1002-756-804471 | N18: =박미영!N7 -> 9.0383562 | O18: =$A$1-P18 -> 3299 | P18: 42814 | Q18: 2017 | R18: 3 | S18: 20 | T18: 재직
A19: 이동희 | B19: =이동희!AA3 -> 연구소 | C19: =이동희!AE3 -> IT디자인팀 | D19: =이동희!N6 -> 34 | F19: 무 | I19: =이동희!E8 -> 서울시 도봉구 | J19: =이동희!Q19 -> 대졸 | K19: =이동희!I19 -> 동덕여대 | L19: =이동희!L19 -> 국문학 | N19: =O19/365 -> 8.7561644 | O19: =$A$1-P19 -> 3196 | P19: 42917 | Q19: 2017 | R19: 7 | S19: 1 | T19: 재직 | AA19: 사원
A20: 허철우 | B20: =허철우!AA3 -> 연구소 | C20: =허철우!AE3 -> IT디자인팀 | D20: =허철우!N6 -> 35 | E20: 필 | F20: 무 | I20: =허철우!E8 -> 경기도 성남시 | J20: =허철우!Q19 -> 대졸 | K20: =허철우!I19 -> 한국교통대학교 | L20: =허철우!L19 -> 전자공학과 | N20: =O20/365 -> 8.290411 | O20: =$A$1-P20 -> 3026 | P20: 43087 | Q20: 2017 | R20: 12 | S20: 18 | T20: 재직
A21: 장호경 | B21: =장호경!AA3 -> 연구소 | C21: =장호경!AE3 -> 스마트학습팀 | D21: =장호경!N6 -> 36 | E21: 필 | F21: 무 | I21: =장호경!E8 -> 인천광역시 서구 | J21: =장호경!Q19 -> 석사 | K21: =장호경!I20 -> 성균관대학교 대학원 | L21: =장호경!L20 -> 수학교육 | N21: =O21/365 -> 7.0630137 | O21: =$A$1-P21 -> 2578 | P21: 43535 | Q21: 2019 | R21: 3 | S21: 11 | T21: 재직
A22: 김현종 | B22: =김현종!AA3 -> 연구소 | C22: =김현종!AE3 -> IT디자인팀 | D22: =김현종!N6 -> 34 | E22: 필 | F22: 무 | I22: =김현종!E8 -> 서울특별시 마포구 | J22: =김현종!Q19 -> 대졸 | K22: =김현종!I19 -> 카톨릭대학교 | L22: =김현종!L19 -> 정보통신전자공학 | N22: =O22/365 -> 5.8356164 | O22: =$A$1-P22 -> 2130 | P22: 43983 | Q22: 2020 | R22: 6 | S22: 1 | T22: 재직
A23: 구자홍 | B23: =구자홍!AA3 -> 연구소 | C23: =구자홍!AE3 -> 스마트학습 | D23: =구자홍!N6 -> 39 | E23: 필 | F23: 유 | I23: =구자홍!E8 -> 서울특별시 강동구 | J23: =구자홍!Q19 -> 석사 | K23: =구자홍!I19 -> 성균관대학교 | L23: =구자홍!L19 -> 수학교육 | N23: =O23/365 -> 4.3205479 | O23: =$A$1-P23 -> 1577 | P23: 44536 | Q23: 2021 | R23: 12 | S23: 6 | T23: 재직
A24: 지성구 | B24: =지성구!AA3 -> 경영총괄실 | C24: =지성구!AE3 -> 물류팀 | D24: =지성구!N6 -> 48 | E24: 필 | F24: 유 | G24: 2 | I24: =지성구!E8 -> 경기도 고양시 일산동구 | J24: =지성구!Q19 -> 대졸 | K24: =지성구!I19 -> 가천대학교 | L24: =지성구!L19 -> 체육전문학 | N24: =O24/365 -> 3.6493151 | O24: =$A$1-P24 -> 1332 | P24: 44781 | Q24: 2022 | R24: 8 | S24: 8 | T24: 재직
A25: 최준석 | B25: =최준석!AA3 -> 경영총괄실 | C25: =최준석!AE3 -> 물류팀 | D25: =최준석!N6 -> 43 | E25: 필 | F25: 유 | I25: =최준석!E8 -> 경기도 김포시 | J25: =최준석!Q19 -> 초대졸 | K25: =최준석!I19 -> 동국대 전산원 | L25: =최준석!L19 -> 인터넷정보 | N25: =O25/365 -> 3.5835616 | O25: =$A$1-P25 -> 1308 | P25: 44805 | Q25: 2022 | R25: 9 | S25: 1 | T25: 재직 | AJ25: 팀장
A26: 손주호 | B26: =손주호!AA3 -> 학원사업본부 | C26: =손주호!AE3 -> 가맹사업팀 | D26: =손주호!N6 -> 37 | E26: 필 | F26: 무 | I26: =손주호!E8 -> 서울시 동작구 | J26: =손주호!Q19 -> 대졸 | K26: =손주호!I19 -> 대구대학교 | L26: =손주호!L19 -> 생명공학과 | N26: =손주호!N7 -> 3.0931507 | O26: =$A$1-P26 -> 1129 | P26: =손주호!E3 -> 44984 | Q26: 2023 | R26: 2 | S26: 27 | T26: 재직
A27: 김연경 | B27: =김연경!AA3 -> 연구소 | C27: =김연경!AE3 -> IT디자인팀 | D27: =김연경!N6 -> 29 | F27: 무 | I27: =김연경!E8 -> 경기도 하남시 | J27: =김연경!Q21 -> 대졸 | K27: =김연경!I21 -> 배재대학교 | L27: =김연경!L21 -> 중국학과 | N27: =김연경!N7 -> 3.0931507 | O27: =$A$1-P27 -> 1129 | P27: =김연경!E3 -> 44984 | Q27: 2023 | R27: 2 | S27: 27 | T27: 재직
A28: 한정규 | B28: =한정규!AA3 -> 신사업본부 | D28: =한정규!N6 -> 33 | E28: 필 | F28: 유 | I28: =한정규!E8 -> 서울시 용산구 | N28: =한정규!N7 -> 2.5835616 | O28: =$A$1-P28 -> 943 | P28: =한정규!E3 -> 45170 | Q28: 2023 | R28: 9 | S28: 1 | T28: 재직
A29: =최정우!E5 -> 최정우 | B29: =최정우!AA3 -> 경영총괄실 | C29: =최정우!AE3 -> 경영지원팀 | D29: =최정우!N6 -> 31 | E29: 필 | F29: 무 | I29: =최정우!E8 -> 경기도 광명시 | J29: =최정우!Q19 -> 대졸 | K29: =최정우!I19 -> 카톨릭대학교 | L29: =최정우!L19 -> 국어국문 | N29: =최정우!N7 -> 1.4246575 | O29: =$A$1-P29 -> 520 | P29: =최정우!E3 -> 45593 | Q29: 2024 | R29: 10 | S29: 28 | T29: 재직
A30: =이준호!E5 -> 이준호 | B30: =이준호!AA3 -> 경영총괄실 | D30: =이준호!N6 -> 34 | E30: 필 | F30: 유 | I30: =이준호!E8 -> 서울시 중랑구 | J30: =이준호!Q19 -> 대졸 | K30: =이준호!I20 -> Boston University | L30: =이준호!L20 -> chemistry | N30: =이준호!N7 -> 1.2438356 | O30: =$A$1-P30 -> 454 | P30: =이준호!E3 -> 45659 | Q30: 2025 | R30: 1 | S30: 2 | T30: 재직
A31: =이영주!E5 -> 이영주 | B31: =이영주!AA3 -> 연구소 | C31: =이영주!AE3 -> 개발팀 | D31: =이영주!N6 -> 25 | F31: 무 | I31: =이영주!E8 -> 서울시 강북구 | J31: =이영주!Q19 -> 대졸 | K31: =이영주!I19 -> 서울여자대학교 | L31: =이영주!L19 -> 수학과 | N31: =이영주!N7 -> 1.1616438 | O31: =$A$1-P31 -> 424 | P31: =이영주!E3 -> 45689 | Q31: 2025 | R31: 2 | S31: 1 | T31: 재직
A32: =진하람!E5 -> 진하람 | B32: =진하람!AA3 -> 연구소 | C32: =진하람!AE3 -> 개발팀 | D32: =진하람!N6 -> 33 | E32: 필 | F32: 무 | I32: =진하람!E8 -> 서울시 동대문구 | J32: =진하람!Q19 -> 대졸 | K32: =진하람!I19 -> 한양대학교 | L32: =진하람!L19 -> 수학과 | N32: =진하람!N7 -> 1.1616438 | O32: =$A$1-P32 -> 424 | P32: =진하람!E3 -> 45689 | Q32: 2025 | R32: 2 | S32: 1 | T32: 재직
A33: =김태경!E5 -> 김태경 | B33: =김태경!AA3 -> 경영총괄실 | C33: =김태경!AE3 -> 물류팀 | D33: =김태경!N6 -> 64 | E33: 필 | F33: 유 | I33: =김태경!E8 -> 경기도 파주시 | N33: =김태경!N7 -> 1 | O33: =$A$1-P33 -> 365 | P33: =김태경!E3 -> 45748 | Q33: 2025 | R33: 4 | S33: 1 | T33: 재직
A34: 조성아 | B34: =조성아_퇴사!AA3 -> 학원사업본부 | C34: =조성아_퇴사!AE3 -> 직영관리팀 | D34: =조성아_퇴사!N6 -> 35 | F34: 유 | G34: 1 | I34: =조성아_퇴사!E8 -> 서울시 광진구 | J34: =조성아_퇴사!Q19 -> 대졸 | K34: =조성아_퇴사!I19 -> 서울여자대학교 | L34: =조성아_퇴사!L19 -> 국문학 | N34: =O34/365 -> 8.1041096 | O34: =$A$1-P34 -> 2958 | P34: 43155 | Q34: 2018 | R34: 2 | S34: 24 | T34: 퇴직 | U34: =조성아_퇴사!O3 -> 45620 | V34: 2024 | W34: 11 | X34: 24 | Y34: 육아
A35: 최철호 | B35: =최철호!AA3 -> 출판사업본부 | C35: 가맹영업팀 | D35: =최철호!N6 -> 61 | E35: 필 | F35: 유 | G35: 2 | I35: =최철호!E8 -> 경기도 고양시 일산동구 | J35: =최철호!Q19 -> 대졸 | K35: =최철호!I19 -> 서울대학교 | L35: =최철호!L19 -> 수학과 | M35: 1002-344-746439 | N35: =O35/365 -> 14.676712 | O35: =$A$1-P35 -> 5357 | P35: =최철호!E3 -> 40756 | Q35: =YEAR(P35) -> 2011 | R35: =MONTH(P35) -> 8 | S35: =DAY(P35) -> 1 | T35: 퇴직 | U35: 45808 | V35: 2025 | W35: 5 | X35: 31 | Y35: 계약직 전환 | AA35: 이사 | AJ35: 이사
A36: =황대위_퇴사!E5 -> 황대위 | B36: =황대위_퇴사!AA3 -> 출판사업본부 | D36: =황대위_퇴사!N6 -> 33 | E36: 면제 | F36: 무 | I36: =황대위_퇴사!E8 -> 서울시 중랑구 묵동 | J36: =황대위_퇴사!Q19 -> 대졸 | K36: =황대위_퇴사!I19 -> 동서울대학 | L36: =황대위_퇴사!L19 -> 정보통신 | N36: =황대위_퇴사!N7 -> 1.0849315 | O36: =$A$1-P36 -> 396 | P36: =황대위_퇴사!E3 -> 45717 | Q36: 2025 | R36: 3 | S36: 1 | T36: 퇴직 | U36: =황대위_퇴사!O3 -> 45869 | V36: 2025 | W36: 7 | X36: 31 | Y36: 이직
A37: 이화종 | B37: =이화종_퇴사!AA3 -> 학원사업본부 | C37: =이화종_퇴사!AE3 -> 가맹사업팀 | D37: =이화종_퇴사!N6 -> 48 | E37: 필 | F37: 유 | I37: =이화종_퇴사!E8 -> 경기도 부천시 | J37: =이화종_퇴사!Q19 -> 대졸 | K37: =이화종_퇴사!I19 -> 상지대 | L37: =이화종_퇴사!L19 -> 국문학 | N37: =O37/365 -> 8.4438356 | O37: =$A$1-P37 -> 3082 | P37: 43031 | Q37: 2017 | R37: 10 | S37: 23 | T37: 퇴직 | U37: =이화종_퇴사!O3 -> 45471 | V37: 2024 | W37: 6 | X37: 28 | Y37: 이직 | AJ37: 팀장
A38: 김문수 | B38: =김문수_퇴사!AA3 -> 경영총괄실 | C38: =김문수_퇴사!AE3 -> 물류팀 | D38: =김문수_퇴사!N6 -> 62 | E38: 필 | F38: 유 | G38: 2 | I38: =김문수_퇴사!E8 -> 서울 강동구 | J38: =김문수_퇴사!Q19 -> 대졸 | K38: =김문수_퇴사!I19 -> 한양대학교 | L38: =김문수_퇴사!L19 -> 재료공학과 | N38: =O38/365 -> 3.5835616 | O38: =$A$1-P38 -> 1308 | P38: 44805 | Q38: 2022 | R38: 9 | S38: 1 | T38: 퇴직 | U38: =김문수_퇴사!O3 -> 45545 | V38: 2024 | W38: 9 | X38: 10 | Y38: 질병
A39: 강규영 | B39: =강규영_퇴사!AA3 -> 연구소 | C39: =강규영_퇴사!AE3 -> 개발팀 | D39: =강규영_퇴사!N6 -> 29 | F39: 무 | I39: =강규영_퇴사!E8 -> 경기도 남양주시 | J39: =강규영_퇴사!Q19 -> 대졸 | K39: =강규영_퇴사!I19 -> 연세대학교 미래캠퍼스 | L39: =강규영_퇴사!L19 -> 수학과 | N39: =강규영_퇴사!N7 -> 3.0931507 | O39: =$A$1-P39 -> 1129 | P39: =강규영_퇴사!E3 -> 44984 | Q39: 2023 | R39: 2 | S39: 27 | T39: 퇴직 | U39: =강규영_퇴사!O3 -> 45583 | V39: 2024 | W39: 10 | X39: 18 | Y39: 기타
A40: 이승희 | B40: =이승희_퇴사!AA3 -> 연구소 | C40: =이승희_퇴사!AE3 -> 개발2팀 | D40: =이승희_퇴사!N6 -> 34 | E40: 필 | F40: 무 | I40: =이승희_퇴사!E8 -> 서울시 동작구 | J40: =이승희_퇴사!Q19 -> 대졸 | K40: =이승희_퇴사!I20 -> Boston University | L40: =이승희_퇴사!L20 -> chemistry | N40: =O40/365 -> 7.8383562 | O40: =$A$1-P40 -> 2861 | P40: =이승희_퇴사!E3 -> 43252 | Q40: 2018 | R40: 6 | S40: 1 | T40: 퇴직 | U40: 44958 | V40: 2023 | W40: 2 | X40: 1 | Y40: 기타 | AA40: 팀장
A41: 안영일 | B41: 연구소 | C41: 이러닝디자인팀 | D41: =안영일_퇴사!N6 -> 54 | E41: 필 | F41: 무 | I41: =안영일_퇴사!E8 -> 서울시 중랑구 중화1동 | J41: =안영일_퇴사!Q19 -> 대졸 | K41: =안영일_퇴사!I19 -> 서울시립대학교 | L41: =안영일_퇴사!L19 -> 제어계측 | M41: 1002-281-052571 | N41: =O41/365 -> 16.172603 | O41: =$A$1-P41 -> 5903 | P41: =안영일_퇴사!E3 -> 40210 | Q41: =YEAR(P41) -> 2010 | R41: =MONTH(P41) -> 2 | S41: =DAY(P41) -> 1 | T41: 퇴직 | U41: 45245 | V41: 2023 | W41: 11 | X41: 15 | Y41: 이직 | AA41: 차장 | AE41: 41640 | AJ41: 부소장
A42: 안다애 | B42: =안다애_퇴사!AA3 -> 연구소 | C42: =안다애_퇴사!AE3 -> 이러닝디자인마케팅팀 | D42: =안다애_퇴사!N6 -> 31 | F42: 유 | I42: =안다애_퇴사!E8 -> 경기도 양주시 | J42: =안다애_퇴사!Q19 -> 대졸 | K42: =안다애_퇴사!I19 -> 삼육대학교 | L42: =안다애_퇴사!L19 -> 경영학 | N42: =O42/365 -> 7.090411 | O42: =$A$1-P42 -> 2588 | P42: 43525 | Q42: 2019 | R42: 3 | S42: 1 | T42: 퇴직 | U42: =안다애_퇴사!O3 -> 44865 | V42: 2022 | W42: 10 | X42: 31 | Y42: 유학
A43: 박유린 | B43: =안다애_퇴사!AA3 -> 연구소 | C43: =박유린_퇴사!AE3 -> 개발팀 | D43: =박유린_퇴사!N6 -> 30 | F43: 무 | I43: =박유린_퇴사!E8 -> 서울시 광진구 | J43: =박유린_퇴사!Q19 -> 대졸 | K43: =박유린_퇴사!I19 -> 경희대학교 | L43: =박유린_퇴사!L19 -> 수학과 | N43: =O43/365 -> 7.0630137 | O43: =$A$1-P43 -> 2578 | P43: 43535 | Q43: 2019 | R43: 3 | S43: 11 | T43: 퇴직 | U43: =박유린_퇴사!O3 -> 44958 | V43: 2023 | W43: 2 | X43: 1 | Y43: 이직
A44: 김종순 | B44: =김종순_퇴사!AA3 -> 연구소 | C44: =김종순_퇴사!AE3 -> IT디자인팀 | D44: =김종순_퇴사!N6 -> 31 | F44: 무 | I44: =김종순_퇴사!E8 -> 서울특별시 중랑구 | J44: =김종순_퇴사!Q19 -> 대졸 | K44: =김종순_퇴사!I19 -> 강원대학교 | L44: =김종순_퇴사!L19 -> 멀티디자인과 | N44: =O44/365 -> 5.5671233 | O44: =$A$1-P44 -> 2032 | P44: 44081 | Q44: 2020 | R44: 9 | S44: 7 | T44: 퇴직 | U44: =김종순_퇴사!O3 -> 45219 | V44: 2023 | W44: 10 | X44: 20 | Y44: 이직
A45: 이우기 | B45: 경영지원본부 | D45: =이우기_퇴사!N6 -> 60 | E45: 필 | F45: 유 | G45: 2 | I45: =이우기_퇴사!E8 -> 경기도 성남시 분당구 | J45: =이우기_퇴사!Q19 -> 대졸 | K45: =이우기_퇴사!I19 -> 서울대학교 | L45: =이우기_퇴사!L19 -> 수학과 | M45: 092-206018-02-102 | N45: =O45/365 -> 25.10137 | O45: =$A$1-P45 -> 9162 | P45: =이우기_퇴사!E3 -> 36951 | Q45: =YEAR(P45) -> 2001 | R45: =MONTH(P45) -> 3 | S45: =DAY(P45) -> 1 | T45: 퇴직 | U45: 43861 | V45: 2020 | W45: 1 | X45: 31 | AA45: 이사 | AG45: 41640 | AJ45: 상무
A46: 김희진 | B46: 연구소 | C46: 이러닝디자인조판 | D46: ='김희진 퇴사'!N6 -> 44 | F46: 유 | G46: 1 | J46: ='김희진 퇴사'!Q19 -> 대졸 | K46: 숭실대학교 | L46: 전산원 | N46: =O46/365 -> 13.005479 | O46: =$U$69-P46 -> 4747 | P46: ='김희진 퇴사'!E3 -> 37316 | Q46: =YEAR(P46) -> 2002 | R46: =MONTH(P46) -> 3 | S46: =DAY(P46) -> 1 | T46: 퇴직 | U46: ='김희진 퇴사'!O3 -> 41364 | V46: =YEAR(U46) -> 2013 | W46: =MONTH(U46) -> 3 | X46: =DAY(U46) -> 31 | Y46: 육아 | AA46: 사원 | AJ46: 과장
A47: 이응희 | B47: 경영지원본부 | C47: 경영지원팀 | D47: ='이응희 퇴사'!N6 -> 61 | E47: 필 | F47: 유 | G47: 2 | J47: ='이응희 퇴사'!Q19 -> 대졸 | K47: ='이응희 퇴사'!E19 -> 건국대학교 | L47: ='이응희 퇴사'!I19 -> 공과대학 미생물공 | N47: =O47/365 -> 10.279452 | O47: =$U$70-P47 -> 3752 | P47: ='이응희 퇴사'!E3 -> 37834 | Q47: =YEAR(P47) -> 2003 | R47: =MONTH(P47) -> 8 | S47: =DAY(P47) -> 1 | T47: 퇴직 | U47: ='이응희 퇴사'!O3 -> 41425 | V47: =YEAR(U47) -> 2013 | W47: =MONTH(U47) -> 5 | X47: =DAY(U47) -> 31 | Y47: 개인사유 | AA47: 과장 | AJ47: 부장
A48: 이지현 | B48: 연구소 | C48: 학원개발지원 | D48: ='이지현 퇴사'!N6 -> 48 | F48: 무 | I48: ='이지현 퇴사'!E8 -> 서울시 중구 신당동 | J48: ='이지현 퇴사'!Q19 -> 대졸 | K48: ='이지현 퇴사'!I19 -> 서울대학교 | L48: ='이지현 퇴사'!L19 -> 통계학 | M48: 1002-429-218282 | N48: =O48/365 -> 20.315068 | O48: =$A$1-P48 -> 7415 | P48: ='이지현 퇴사'!E3 -> 38698 | Q48: =YEAR(P48) -> 2005 | R48: =MONTH(P48) -> 12 | S48: =DAY(P48) -> 12 | T48: 퇴직 | U48: 2013 | V48: 2013 | W48: 12 | X48: 17 | Y48: 결혼 | AC48: 39814 | AG48: 과장5년차 | AJ48: 과장
A49: 김혜진 | B49: 경영지원본부 | C49: 경영지원팀 | D49: ='김혜진 퇴사'!N6 -> 41 | F49: 유 | J49: ='김혜진 퇴사'!Q19 -> 초대졸 | K49: ='김혜진 퇴사'!I19 -> 숭의여대 | L49: ='김혜진 퇴사'!L19:M19 -> 경영과 | N49: =O49/365 -> 11.00274 | O49: =$U$71-P49 -> 4016 | P49: ='김혜진 퇴사'!E3 -> 38961 | Q49: =YEAR(P49) -> 2006 | R49: =MONTH(P49) -> 9 | S49: =DAY(P49) -> 1 | T49: 퇴직 | U49: ='김혜진 퇴사'!O3 -> 40978 | V49: =YEAR(U49) -> 2012 | W49: =MONTH(U49) -> 3 | X49: =DAY(U49) -> 10 | Y49: 개인사유 | AA49: 사원 | AJ49: 대리
A50: 강재석 | B50: 연구소 | C50: 이러닝디자인조판 | D50: ='강재석 퇴사'!N6 -> 50 | E50: 필 | F50: 무 | I50: ='강재석 퇴사'!E8 -> 서울 관악구 조원동 | J50: ='강재석 퇴사'!Q19 -> 대졸 | K50: ='강재석 퇴사'!I19 -> 성균관대 | L50: ='강재석 퇴사'!L19 -> 디자인과 | M50: 579-350202-02-101 | N50: =O50/365 -> 19.09589 | O50: =$A$1-P50 -> 6970 | P50: ='강재석 퇴사'!E3 -> 39143 | Q50: =YEAR(P50) -> 2007 | R50: =MONTH(P50) -> 3 | S50: =DAY(P50) -> 2 | T50: 퇴직 | U50: 41698 | V50: 2014 | W50: 2 | X50: 28 | Y50: 개인사유 | AJ50: 과장
A51: 이치영 | B51: 연구소 | C51: 개발2팀 | D51: =이치영_퇴사!N6 -> 49 | F51: 유 | G51: 2 | I51: =이치영_퇴사!E8 -> 경기도 안양시 동안구 | J51: =이치영_퇴사!Q19 -> 대졸 | K51: =이치영_퇴사!I19 -> 서울시립대학교 | L51: =이치영_퇴사!L19 -> 수학과 | M51: 1002-634-419069 | N51: =O51/365 -> 19.013699 | O51: =$A$1-P51 -> 6940 | P51: =이치영_퇴사!E3 -> 39173 | Q51: =YEAR(P51) -> 2007 | R51: =MONTH(P51) -> 4 | S51: =DAY(P51) -> 1 | T51: 퇴직 | U51: 43131 | V51: 2018 | W51: 1 | X51: 31 | Y51: 세종시 이사 | AC51: 40909 | AJ51: 과장
A52: 김길중 | B52: 학원사업본부 | D52: =김길중_퇴사!N6 -> 59 | F52: 유 | G52: 1 | I52: =김길중_퇴사!E8 -> 경기도 수원시 권선구 | J52: =김길중_퇴사!Q19 -> 대졸 | K52: =김길중_퇴사!I19 -> 경북대학교 | L52: =김길중_퇴사!L19 -> 교육학과 | M52: 793-391251-02-001 | N52: =O52/365 -> 18.512329 | O52: =$A$1-P52 -> 6757 | P52: =김길중_퇴사!E3 -> 39356 | Q52: =YEAR(P52) -> 2007 | R52: =MONTH(P52) -> 10 | S52: =DAY(P52) -> 1 | T52: 퇴직 | U52: 44742 | V52: 2022 | W52: 6 | X52: 30 | AA52: 과장 | AE52: 39814 | AF52: 41275 | AJ52: 수석 부장
A53: 최보나 | B53: 연구소 | C53: 학원개발지원 | D53: ='최보나 퇴사'!N6 -> 46 | F53: 유 | G53: 2 | I53: ='최보나 퇴사'!E8 -> 경기도 구리시 인창동 | J53: ='최보나 퇴사'!Q19 -> 석사 | K53: ='최보나 퇴사'!I21 -> 이화여대 | L53: ='최보나 퇴사'!K21 -> 시각정보디자인 | M53: 1002-835-365215 | N53: =O53/365 -> 18.512329 | O53: =$A$1-P53 -> 6757 | P53: ='최보나 퇴사'!E3 -> 39356 | Q53: =YEAR(P53) -> 2007 | R53: =MONTH(P53) -> 10 | S53: =DAY(P53) -> 1 | T53: 퇴직 | U53: 41639 | V53: 2013 | W53: 12 | X53: 31 | Y53: 육아문제 | AA53: 사원 | AB53: 39814 | AC53: 41634 | AJ53: 과장
A54: 김현주 | B54: 출판사업본부 | C54: 출판개발팀 | D54: ='김현주 퇴사'!N6 -> 47 | F54: 유 | G54: 1 | J54: ='김현주 퇴사'!Q19 -> 석사 | K54: ='김현주 퇴사'!I21 -> 홍익대 | L54: ='김현주 퇴사'!K21 -> 의상학과 | N54: =O54/365 -> 12.180822 | O54: =$U$72-P54 -> 4446 | P54: ='김현주 퇴사'!E3 -> 39384 | Q54: =YEAR(P54) -> 2007 | R54: =MONTH(P54) -> 10 | S54: =DAY(P54) -> 29 | T54: 퇴직 | U54: ='김현주 퇴사'!O3 -> 41333 | V54: =YEAR(U54) -> 2013 | W54: =MONTH(U54) -> 2 | X54: =DAY(U54) -> 28 | Y54: 육아 | AA54: 사원 | AJ54: 과장
A55: 김재근 | B55: 사업그룹장 | D55: =김재근_퇴사!N6 -> 64 | E55: 필 | F55: 유 | G55: 2 | I55: =김재근_퇴사!E8 -> 경기도 고양시 일산동구 | J55: =김재근_퇴사!Q19 -> 대졸 | K55: =김재근_퇴사!I19 -> 서울대학교 | L55: =김재근_퇴사!L19 -> 철학과 | M55: 1002-436-900951 | N55: =O55/365 -> 17.676712 | O55: =$A$1-P55 -> 6452 | P55: =김재근_퇴사!E3 -> 39661 | Q55: =YEAR(P55) -> 2008 | R55: =MONTH(P55) -> 8 | S55: =DAY(P55) -> 1 | T55: 퇴직 | U55: 42185 | V55: 2015 | W55: 6 | X55: 30 | Y55: 개인사유 | AA55: 이사 | AG55: 41974 | AJ55: 전무
A56: 강민영 | B56: 연구소 | C56: 마케팅기획 | D56: ='강민영 퇴사'!N6 -> 48 | F56: 무 | J56: ='강민영 퇴사'!Q19 -> 대졸 | K56: ='강민영 퇴사'!I19 -> 홍익대학교 | L56: ='강민영 퇴사'!L19:M19 -> 교육학 | N56: =O56/365 -> 6.8739726 | O56: =$U$73-P56 -> 2509 | P56: ='강민영 퇴사'!E3 -> 39783 | Q56: =YEAR(P56) -> 2008 | R56: =MONTH(P56) -> 12 | S56: =DAY(P56) -> 1 | T56: 퇴직 | U56: ='강민영 퇴사'!O3 -> 41455 | V56: =YEAR(U56) -> 2013 | W56: =MONTH(U56) -> 6 | X56: =DAY(U56) -> 30 | Y56: 직영운영 | AA56: 대리 | AJ56: 과장
A57: 김민식 | B57: 개발마케팅본부 | C57: 출판개발팀 | D57: =김민식_퇴사!N6 -> 55 | E57: 필 | F57: 유 | G57: 2 | I57: =김민식_퇴사!E8 -> 서울시 노원구 중계본동 | J57: =김민식_퇴사!Q19 -> 대졸 | K57: =김민식_퇴사!I20 -> 고려대학교 | L57: =김민식_퇴사!L20 -> 수학과 | M57: 1002-440-033879 | N57: =O57/365 -> 16.761644 | O57: =$A$1-P57 -> 6118 | P57: =김민식_퇴사!E3 -> 39995 | Q57: =YEAR(P57) -> 2009 | R57: =MONTH(P57) -> 7 | S57: =DAY(P57) -> 1 | T57: 퇴직 | U57: 42247 | V57: 2015 | W57: 8 | X57: 31 | Y57: 개인사업 | AA57: 차장 | AE57: 41640 | AJ57: 부장
A58: 유민재 | B58: 총괄사업본부 | C58: 학원영업팀 | D58: =유민재_퇴사!N6 -> 45 | E58: 필 | F58: 무 | I58: =유민재_퇴사!E8 -> 서울시 강남구 일원동 | J58: =유민재_퇴사!Q19 -> 대졸 | K58: =유민재_퇴사!I20 -> 고려대학교 | L58: =유민재_퇴사!L20 -> 심리학 | M58: 1002-439-250402 | N58: =O58/365 -> 16.131507 | O58: =$A$1-P58 -> 5888 | P58: =유민재_퇴사!E3 -> 40225 | Q58: =YEAR(P58) -> 2010 | R58: =MONTH(P58) -> 2 | S58: =DAY(P58) -> 16 | T58: 퇴직 | U58: 42185 | V58: 2015 | W58: 6 | X58: 30 | Y58: 이직 | AA58: 대리 | AC58: 41275 | AJ58: 과장
A59: 노정현 | B59: 중등사업본부 | C59: 중등개발팀 | D59: ='노정현 퇴사'!N6 -> 47 | F59: 무 | I59: ='노정현 퇴사'!E8 -> 경기도 성남시 분당구 | J59: ='노정현 퇴사'!Q19 -> 대졸 | K59: ='노정현 퇴사'!I20 -> 경희대학교 | L59: ='노정현 퇴사'!L20 -> 산업공학 | M59: 1002-342-744487 | N59: =O59/365 -> 15.509589 | O59: =$A$1-P59 -> 5661 | P59: ='노정현 퇴사'!E3 -> 40452 | Q59: =YEAR(P59) -> 2010 | R59: =MONTH(P59) -> 10 | S59: =DAY(P59) -> 1 | T59: 퇴직 | U59: 41973 | V59: 2014 | W59: 11 | X59: 30 | Y59: ㈜이유고연 이직 | AA59: 대리 | AC59: 40909 | AG59: 과장2년차 | AJ59: 과장
A60: 왕준표 | B60: 총괄사업본부 | C60: 학원영업팀 | D60: ='왕준표 퇴사'!N6 -> 45 | E60: 필 | F60: 무 | J60: ='왕준표 퇴사'!Q19 -> 대졸 | K60: ='왕준표 퇴사'!I19 -> 성균관대 | L60: ='왕준표 퇴사'!L19:M19 -> 경영학부 | N60: =O60/365 -> 6.6657534 | O60: =$U$74-P60 -> 2433 | P60: ='왕준표 퇴사'!E3 -> 40677 | Q60: =YEAR(P60) -> 2011 | R60: =MONTH(P60) -> 5 | S60: =DAY(P60) -> 14 | T60: 퇴직 | U60: ='왕준표 퇴사'!O3 -> 41152 | V60: =YEAR(U60) -> 2012 | W60: =MONTH(U60) -> 8 | X60: =DAY(U60) -> 31 | Y60: 개인사유 | AA60: 사원 | AJ60: 사원
A61: 김용권 | B61: 학원사업본부 | C61: 학원마케팅파트 | D61: =김용권_퇴사!N6 -> 43 | E61: 미필 | F61: 무 | I61: =김용권_퇴사!E8 -> 경기도 광주시 송정동 | J61: =김용권_퇴사!Q19 -> 대졸 | K61: =김용권_퇴사!I20 -> 숭실대학교 | L61: =김용권_퇴사!L20 -> 수학과 | M61: 1002-638-777318 | N61: =O61/365 -> 14.6 | O61: =$A$1-P61 -> 5329 | P61: =김용권_퇴사!E3 -> 40784 | Q61: =YEAR(P61) -> 2011 | R61: =MONTH(P61) -> 8 | S61: =DAY(P61) -> 29 | T61: 퇴직 | U61: 42916 | V61: 2017 | W61: 6 | X61: 30 | Y61: 개인사유 | AA61: 사원 | AB61: 41275 | AJ61: 대리
A62: 유종찬 | B62: 연구소 | C62: 이러닝디자인조판 | D62: ='유종찬 퇴사'!N6 -> 44 | E62: 필 | F62: 무 | I62: ='유종찬 퇴사'!E8 -> 서울시 관악구 | J62: ='유종찬 퇴사'!Q19 -> 고졸 | K62: ='유종찬 퇴사'!I19 -> 화곡고등학교 | M62: 1002-280-041981 | N62: =O62/365 -> 14.424658 | O62: =$A$1-P62 -> 5265 | P62: ='유종찬 퇴사'!E3 -> 40848 | Q62: =YEAR(P62) -> 2011 | R62: =MONTH(P62) -> 11 | S62: =DAY(P62) -> 1 | T62: 퇴직 | U62: 41730 | V62: 2014 | W62: 4 | X62: 1 | Y62: 개인사유 | Z62: 40848 | AA62: 사원 | AJ62: 사원
A63: 이항녕 | B63: 총괄사업본부 | C63: 학원영업팀 | D63: =이항녕_퇴사!N6 -> 50 | E63: 필 | F63: 유 | J63: =이항녕_퇴사!Q19 -> 석사 | K63: =이항녕_퇴사!I19 -> 경희대학교 | L63: =이항녕_퇴사!L19 -> 경영대학원 | N63: =O63/365 -> 1.5671233 | O63: =$U$75-P63 -> 572 | P63: =이항녕_퇴사!E3 -> 40858 | Q63: =YEAR(P63) -> 2011 | R63: =MONTH(P63) -> 11 | S63: =DAY(P63) -> 11 | T63: 퇴직 | U63: =이항녕_퇴사!O3 -> 41239 | V63: =YEAR(U63) -> 2012 | W63: =MONTH(U63) -> 11 | X63: =DAY(U63) -> 26 | Y63: 개인사유 | AA63: 과장 | AJ63: 과장
A64: 박여진 | B64: 연구소 | C64: 이러닝디자인조판 | D64: ='박여진 퇴사'!N6 -> 43 | F64: 유 | I64: ='박여진 퇴사'!E8 -> 서울시 서초구 방배동 | J64: ='박여진 퇴사'!Q19 -> 대졸 | K64: ='박여진 퇴사'!I19 -> 두원공과대학 | L64: ='박여진 퇴사'!L19 -> 산업디자인 | N64: =O64/365 -> 14.257534 | O64: =$A$1-P64 -> 5204 | P64: ='박여진 퇴사'!E3 -> 40909 | Q64: =YEAR(P64) -> 2012 | R64: =MONTH(P64) -> 1 | S64: =DAY(P64) -> 1 | T64: 퇴직 | U64: 41621 | V64: 2013 | W64: 12 | X64: 13 | Y64: 개인사유 | Z64: 40909 | AA64: 사원 | AJ64: 사원
A65: 정혜영 | B65: 개발마케팅본부 | C65: 출판개발팀 | D65: =정혜영_퇴사!N6 -> 44 | F65: 무 | I65: =정혜영_퇴사!E8 -> 경기도 성남시 분당구 | J65: =정혜영_퇴사!Q19 -> 대졸 | K65: =정혜영_퇴사!I20 -> 한양사이버대학교 | L65: =정혜영_퇴사!L20 -> 아동학과 | M65: 1002-245-467552 | N65: =O65/365 -> 14.254795 | O65: =$A$1-P65 -> 5203 | P65: =정혜영_퇴사!E3 -> 40910 | Q65: =YEAR(P65) -> 2012 | R65: =MONTH(P65) -> 1 | S65: =DAY(P65) -> 2 | T65: 퇴직 | U65: 42124 | V65: 2015 | W65: 4 | X65: 30 | Y65: 건강상 문제 | AA65: 사원 | AB65: 41275 | AJ65: 대리
A66: 조진성 | B66: 연구소 | C66: 마케팅기획 | D66: ='조진성 퇴사'!N6 -> 42 | E66: 필 | F66: 무 | J66: ='조진성 퇴사'!Q19 -> 대졸 | K66: ='조진성 퇴사'!I19 -> 단국대학교 | L66: ='조진성 퇴사'!L19:M19 -> 영문/광고 | N66: =O66/365 -> 3.9945205 | O66: =$U$79-P66 -> 1458 | P66: =전선민_퇴사!E3 -> 40933 | Q66: =YEAR(P66) -> 2012 | R66: =MONTH(P66) -> 1 | S66: =DAY(P66) -> 25 | T66: 퇴직 | U66: ='조진성 퇴사'!O3 -> 41402 | V66: =YEAR(U66) -> 2013 | W66: =MONTH(U66) -> 5 | X66: =DAY(U66) -> 8 | Y66: 개인사유(병가) | AA66: 사원 | AJ66: 사원
A67: 정호은 | B67: 출판사업본부 | C67: 출판개발팀 | D67: ='정호은 퇴사'!N6 -> 41 | E67: 필 | F67: 무 | J67: ='정호은 퇴사'!Q18 -> 대졸 | K67: ='정호은 퇴사'!I20 -> 중앙대 | L67: ='정호은 퇴사'!L20:M20 -> 수학과 | N67: =O67/365 -> 5.309589 | O67: =$U$76-P67 -> 1938 | P67: ='정호은 퇴사'!E3 -> 40933 | Q67: =YEAR(P67) -> 2012 | R67: =MONTH(P67) -> 1 | S67: =DAY(P67) -> 25 | T67: 퇴직 | U67: ='정호은 퇴사'!O3 -> 41486 | V67: =YEAR(U67) -> 2013 | W67: =MONTH(U67) -> 7 | X67: =DAY(U67) -> 31 | Y67: 개인사유(중고등개발) | AA67: 사원 | AJ67: 사원
A68: 전선민 | B68: 연구소 | C68: 마케팅기획 | D68: =전선민_퇴사!N6 -> 42 | E68: 필 | F68: 무 | J68: =전선민_퇴사!Q19 -> 대졸 | K68: =전선민_퇴사!I19 -> 고려대학교 | L68: =전선민_퇴사!L19 -> 고고미술사학과 | N68: =O68/365 -> 3.2082192 | O68: =$U$77-P68 -> 1171 | P68: =전선민_퇴사!E3 -> 40933 | Q68: =YEAR(P68) -> 2012 | R68: =MONTH(P68) -> 1 | S68: =DAY(P68) -> 25 | T68: 퇴직 | U68: =전선민_퇴사!O3 -> 41121 | V68: =YEAR(U68) -> 2012 | W68: =MONTH(U68) -> 7 | X68: =DAY(U68) -> 31 | Y68: 개인사유 | AA68: 사원 | AJ68: 사원
A69: 이종명 | B69: 경영지원본부 | C69: 경영지원팀 | D69: ='이종명 퇴사'!N6 -> 47 | E69: 필 | F69: 유 | G69: 1 | I69: ='이종명 퇴사'!E8 -> 경기도 광주시 쌍령동 | J69: ='이종명 퇴사'!Q19 -> 석사 | K69: ='이종명 퇴사'!I20 -> 청운대학교 | L69: ='이종명 퇴사'!L20 -> 정보산업대학원 | M69: 332-047806-02-102 | N69: =O69/365 -> 14.191781 | O69: =$A$1-P69 -> 5180 | P69: ='이종명 퇴사'!E3 -> 40933 | Q69: =YEAR(P69) -> 2012 | R69: =MONTH(P69) -> 1 | S69: =DAY(P69) -> 25 | T69: 퇴직 | U69: 42063 | V69: 2015 | W69: 2 | X69: 28 | Y69: 건강상 문제 | AA69: 대리 | AJ69: 대리
A70: 박종주 | B70: 출판사업본부 | C70: 출판개발팀 | D70: ='박종주 퇴사'!N6 -> 42 | F70: 무 | J70: ='박종주 퇴사'!Q19 -> 대졸 | K70: ='박종주 퇴사'!I20 -> 경희대학교 | L70: ='박종주 퇴사'!K20 -> 국어국문 | M70: 109-334781-02-101 | N70: =O70/365 -> 2.8164384 | O70: =$U$78-P70 -> 1028 | P70: ='박종주 퇴사'!E3 -> 40945 | Q70: =YEAR(P70) -> 2012 | R70: =MONTH(P70) -> 2 | S70: =DAY(P70) -> 6 | T70: 퇴직 | U70: ='박종주 퇴사'!O3 -> 41586 | V70: =YEAR(U70) -> 2013 | W70: =MONTH(U70) -> 11 | X70: =DAY(U70) -> 8 | Y70: 개인사유(단행본개발) | AA70: 사원 | AJ70: 사원
A71: 강철구 | B71: 학원사업본부 | C71: 가맹영업팀 | D71: =강철구_퇴사!N6 -> 42 | E71: 필 | F71: 유 | I71: =강철구_퇴사!E8 -> 서울시 성동구 | J71: =강철구_퇴사!Q19 -> 대졸 | K71: =강철구_퇴사!I19 -> 가톨릭대학교 | L71: =강철구_퇴사!K19 -> 경영학과 | M71: 1002-645-692456 | N71: =O71/365 -> 14.158904 | O71: =$A$1-P71 -> 5168 | P71: =강철구_퇴사!E3 -> 40945 | Q71: =YEAR(P71) -> 2012 | R71: =MONTH(P71) -> 2 | S71: =DAY(P71) -> 6 | T71: 퇴직 | U71: 42977 | V71: 2017 | W71: 8 | X71: 30 | Y71: 개인사유 | AA71: 사원 | AE71: 41640 | AJ71: 대리
A72: 이유미 | B72: 연구소 | C72: 개발2팀 | D72: =이유미_퇴사!N6 -> 45 | F72: 유 | G72: 1 | I72: =이유미_퇴사!E8 -> 경기도 용인시 수지구 | J72: =이유미_퇴사!Q19 -> 대졸 | K72: =이유미_퇴사!I19 -> 충북대학교 | L72: =이유미_퇴사!L19 -> 수학과 | M72: 1002-180-106796 | N72: =O72/365 -> 14.120548 | O72: =$A$1-P72 -> 5154 | P72: =이유미_퇴사!E3 -> 40959 | Q72: =YEAR(P72) -> 2012 | R72: =MONTH(P72) -> 2 | S72: =DAY(P72) -> 20 | T72: 퇴직 | U72: 43830 | AA72: 대리 | AJ72: 대리
A73: 오준영 | B73: 경영지원본부 | C73: 경영지원팀 | D73: =오준영_퇴사!N6 -> 39 | E73: 필 | F73: 무 | I73: =오준영_퇴사!E8 -> 경기도 광명시 광명5동 | J73: =오준영_퇴사!Q19 -> 대졸 | K73: =오준영_퇴사!I20 -> 백석대학교 | L73: =오준영_퇴사!K20 -> 국문학(복수:경영) | M73: 1002-945-871548 | N73: =O73/365 -> 14.082192 | O73: =$A$1-P73 -> 5140 | P73: =오준영_퇴사!E3 -> 40973 | Q73: =YEAR(P73) -> 2012 | R73: =MONTH(P73) -> 3 | S73: =DAY(P73) -> 5 | T73: 퇴직 | U73: 42292 | V73: 2015 | W73: 10 | X73: 15 | Y73: 워킹홀리대이 | AA73: 사원 | AJ73: 사원
A74: 박대헌 | B74: 학원사업본부 | C74: 가맹영업팀 | D74: =박대헌_퇴사!N6 -> 40 | E74: 필 | F74: 유 | I74: =박대헌_퇴사!E8 -> 인천시 남동구 간석4동 | J74: =박대헌_퇴사!Q19 -> 대졸 | K74: =박대헌_퇴사!I20 -> 충주대학교 | L74: =박대헌_퇴사!K20 -> 중국어과 | M74: 1002-647-582526 | N74: =O74/365 -> 13.315068 | O74: =$A$1-P74 -> 4860 | P74: =박대헌_퇴사!E3 -> 41253 | Q74: =YEAR(P74) -> 2012 | R74: =MONTH(P74) -> 12 | S74: =DAY(P74) -> 10 | T74: 퇴직 | U74: 43110 | V74: 2018 | W74: 1 | X74: 10 | Y74: 개인사유 | AA74: 사원 | AJ74: 사원
A75: 김경열 | B75: 총괄사업본부 | C75: 학원영업팀 | D75: ='김경열 퇴사'!N6 -> 41 | E75: 필 | F75: 무 | J75: ='김경열 퇴사'!Q19 -> 대졸 | K75: ='김경열 퇴사'!I20 -> 충북대학교 | L75: ='김경열 퇴사'!K20 -> 사회교육학 | N75: =O75/365 -> 1.6136986 | O75: =$U$80-P75 -> 589 | P75: ='김경열 퇴사'!E3 -> 41253 | Q75: =YEAR(P75) -> 2012 | R75: =MONTH(P75) -> 12 | S75: =DAY(P75) -> 10 | T75: 퇴직 | U75: ='김경열 퇴사'!O3 -> 41430 | V75: =YEAR(U75) -> 2013 | W75: =MONTH(U75) -> 6 | X75: =DAY(U75) -> 5 | Y75: 개인사유(임용고시) | AA75: 사원 | AJ75: 사원
A76: 김형인 | B76: 연구소 | C76: 개발2팀 | D76: =김형인_퇴사!N6 -> 41 | F76: 유 | G76: 1 | I76: =김형인_퇴사!E8 -> 경기도 수원시 영통구 | J76: =김형인_퇴사!Q19 -> 대졸 | K76: 카톨릭대학교 | L76: 수학과 | M76: 1002-513-045498 | N76: =O76/365 -> 12.969863 | O76: =$A$1-P76 -> 4734 | P76: =김형인_퇴사!E3 -> 41379 | Q76: =YEAR(P76) -> 2013 | R76: =MONTH(P76) -> 4 | S76: =DAY(P76) -> 15 | T76: 퇴직 | U76: 42871 | V76: 2017 | W76: 5 | X76: 16 | Y76: 육아 | AA76: 사원 | AE76: 41640 | AJ76: 대리
A77: 배은서 | B77: 개발마케팅본부 | C77: 이러닝마케팅팀 | D77: =배은서_퇴사!N6 -> 41 | F77: 유 | I77: =배은서_퇴사!E8 -> 서울시 서초구 잠원동 | J77: =배은서_퇴사!Q19 -> 대졸 | K77: =배은서_퇴사!I20 -> 중앙대학교 | L77: =배은서_퇴사!K20 -> 경제학 | M77: 1002-229-669225 | N77: =O77/365 -> 12.79726 | O77: =$A$1-P77 -> 4671 | P77: =배은서_퇴사!E3 -> 41442 | Q77: =YEAR(P77) -> 2013 | R77: =MONTH(P77) -> 6 | S77: =DAY(P77) -> 17 | T77: 퇴직 | U77: 42104 | V77: 2015 | W77: 4 | X77: 10 | Y77: 건강상 문제 | AA77: 사원 | AE77: 41640 | AJ77: 대리
A78: 박용희 | B78: 연구소 | C78: 마케팅기획 | D78: ='박용희 퇴사'!N6 -> 48 | E78: 필 | F78: 무 | I78: ='박용희 퇴사'!E8 -> 경기도 용인시 수지구 | J78: ='박용희 퇴사'!Q19 -> 대졸 | K78: ='박용희 퇴사'!I20 -> 한양대학교 | L78: ='박용희 퇴사'!K20 -> 프랑스어학 | M78: 1002-549-039302 | N78: =O78/365 -> 12.79726 | O78: =$A$1-P78 -> 4671 | P78: ='박용희 퇴사'!E3 -> 41442 | Q78: =YEAR(P78) -> 2013 | R78: =MONTH(P78) -> 6 | S78: =DAY(P78) -> 17 | T78: 퇴직 | U78: 41973 | V78: 2014 | W78: 11 | X78: 30 | Y78: 재활 및 개인사유 | AA78: 과장 | AJ78: 과장
A79: 명수진 | B79: 개발마케팅본부 | C79: 학원개발팀 | D79: =명수진_퇴사!N6 -> 44 | F79: 무 | I79: =명수진_퇴사!E8 -> 서울 강동구 천호3동 | J79: =명수진_퇴사!Q19 -> 대졸 | K79: =명수진_퇴사!I20 -> 서울시립대 | L79: =명수진_퇴사!K20 -> 수학학과 | M79: 1002-315-632437 | N79: =O79/365 -> 12.490411 | O79: =$A$1-P79 -> 4559 | P79: =명수진_퇴사!E3 -> 41554 | Q79: =YEAR(P79) -> 2013 | R79: =MONTH(P79) -> 10 | S79: =DAY(P79) -> 7 | T79: 퇴직 | U79: 42391 | V79: 2016 | W79: 1 | X79: 22 | Y79: 이직 | AA79: 사원 | AE79: 41640 | AJ79: 대리
A80: 김란아 | B80: 출판사업본부 | C80: 출판개발팀 | D80: ='김란아 퇴사'!N6 -> 39 | F80: 무 | I80: ='김란아 퇴사'!E8 -> 인천 계양구 작전동 | J80: ='김란아 퇴사'!Q19 -> 대졸 | K80: ='김란아 퇴사'!I20 -> 중앙대학교 | L80: ='김란아 퇴사'!K20 -> 가정교육(수학과) | M80: 1002-231-847708 | N80: =O80/365 -> 12.490411 | O80: =$A$1-P80 -> 4559 | P80: ='김란아 퇴사'!E3 -> 41554 | Q80: =YEAR(P80) -> 2013 | R80: =MONTH(P80) -> 10 | S80: =DAY(P80) -> 7 | T80: 퇴직 | U80: 41842 | V80: 2014 | W80: 7 | X80: 22 | Y80: 이직 | AA80: 사원 | AJ80: 사원
A81: 김세영 | B81: 연구소 | C81: 학원개발지원 | D81: ='김세영 퇴사'!N6 -> 42 | F81: 무 | I81: ='김세영 퇴사'!E8 -> 경기도 수원시 영통구 영통1동 | J81: ='김세영 퇴사'!Q19 -> 석사 | K81: ='김세영 퇴사'!I21 -> 아주대학원 | L81: ='김세영 퇴사'!L21 -> 수학교육 | M81: 597-522169-02-001 | N81: ='김세영 퇴사'!N7 -> 12.254795 | O81: =$A$1-P81 -> 4473 | P81: 41640 | Q81: 2014 | R81: 1 | S81: 1 | T81: 퇴직 | U81: 41850 | V81: 2014 | W81: 7 | X81: 30 | Y81: 개인사유 | AA81: 대리 | AJ81: 대리
A82: 심순자 | B82: 연구소 | C82: 개발2팀 | D82: =심순자_퇴사!N6 -> 55 | F82: 유 | G82: 2 | I82: =심순자_퇴사!E8 -> 서울시 마포구 | J82: =심순자_퇴사!Q19 -> 학사 | K82: =심순자_퇴사!I20 -> 이화여대 | L82: =심순자_퇴사!K20 -> 통계학 | M82: 570-146162-02-102 | N82: =심순자_퇴사!N7 -> 12.093151 | O82: =$A$1-P82 -> 4414 | P82: =심순자_퇴사!E3 -> 41699 | Q82: 2014 | R82: 3 | S82: 1 | T82: 퇴직 | U82: 44196 | V82: 2020 | W82: 12 | X82: 31 | AA82: 차장 | AJ82: 차장
A83: 마세영 | B83: 개발마케팅본부 | C83: 이러닝마케팅팀 | D83: =마세영_퇴사!N6 -> 45 | F83: 무 | I83: =마세영_퇴사!E8 -> 서울시 광진구 구의동 | J83: =마세영_퇴사!Q19 -> 학사 | K83: =마세영_퇴사!I21 -> 서울디지털대학 | L83: =마세영_퇴사!L21 -> 디자인영상학부 | M83: 529-471528-02-101 | N83: =마세영_퇴사!N7 -> 12.049315 | O83: =$A$1-P83 -> 4398 | P83: =마세영_퇴사!E3 -> 41715 | Q83: 2014 | R83: 3 | S83: 17 | T83: 퇴직 | U83: 42804 | V83: 2017 | W83: 3 | X83: 10 | Y83: 개인사유 | AA83: 과장 | AJ83: 과장
A84: 정용상 | B84: 연구소 | C84: 개발2팀 | D84: =정용상_퇴사!N6 -> 46 | E84: 필 | F84: 무 | I84: =정용상_퇴사!E8 -> 서울 금천구 독산3동 973번지 | J84: =정용상_퇴사!Q19 -> 대졸 | K84: =정용상_퇴사!I20 -> 고려대학교 | L84: =정용상_퇴사!K20 -> 수학과 | M84: 1002-352-065742 | N84: =정용상_퇴사!N7 -> 11.673973 | O84: =$A$1-P84 -> 4261 | P84: =정용상_퇴사!E3 -> 41852 | Q84: 2014 | R84: 8 | S84: 1 | T84: 퇴직 | U84: 43465 | V84: 2018 | W84: 12 | X84: 31 | AA84: 대리 | AJ84: 대리
A85: 원혜인 | B85: 출판신사업본부 | C85: 출판마케팅파트 | D85: =원혜인_퇴사!N6 -> 32 | F85: 무 | I85: =원혜인_퇴사!E8 -> 인천광역시 남동구 | J85: =원혜인_퇴사!Q19 -> 대졸 | K85: =원혜인_퇴사!I20 -> 덕성여자대학교 | L85: =원혜인_퇴사!K20 -> 정치외교학 | M85: 1002-056-522488 | N85: =원혜인_퇴사!N7 -> 9.1315068 | O85: =$A$1-P85 -> 3333 | P85: 42780 | Q85: 2017 | R85: 2 | S85: 14 | T85: 퇴직 | U85: 43524 | V85: 2019 | W85: 2 | X85: 28
A86: 유기선 | B86: 연구소 | C86: 개발2팀 | D86: =유기선_퇴사!N6 -> 36 | F86: 무 | I86: =유기선_퇴사!E8 -> 서울시 서초구 | J86: =유기선_퇴사!Q19 -> 석사 | K86: =유기선_퇴사!I20 -> 연세대 | L86: =유기선_퇴사!L20 -> 수학교육과 | N86: =O86/365 -> 8.1041096 | O86: =$A$1-P86 -> 2958 | P86: 43155 | Q86: 2018 | R86: 2 | S86: 24 | T86: 퇴직 | U86: 44501 | V86: 2021 | W86: 11 | X86: 1
A87: ='박대헌_퇴사(1)'!E5 -> 박대헌 | B87: ='박대헌_퇴사(1)'!AA3 -> 학원사업본부 | C87: ='박대헌_퇴사(1)'!AE3 -> 가맹영업팀 | D87: ='박대헌_퇴사(1)'!N6 -> 40 | E87: 필 | F87: 유 | I87: ='박대헌_퇴사(1)'!E8 -> 인천시 남구 | J87: ='박대헌_퇴사(1)'!Q19 -> 대졸 | K87: ='박대헌_퇴사(1)'!I20 -> 충주대학교 | L87: ='박대헌_퇴사(1)'!K20 -> 중국어과 | M87: 1002-647-582526 | N87: =O87/365 -> 7.139726 | O87: =$A$1-P87 -> 2606 | P87: 43507 | Q87: 2019 | R87: 2 | S87: 11 | T87: 퇴직 | U87: 44681 | V87: 2022 | W87: 4 | X87: 30
I119: =SUMIF(I82:I118,"*재직*",#REF!) -> #REF!

Sheet 입퇴사현황
A5: 2020년 | B5: 1월 | C5: 2월 | D5: 3월 | E5: 4월 | F5: 5월 | G5: 6월 | H5: 7월 | I5: 8월 | J5: 9월 | K5: 10월 | L5: 11월 | M5: 12월 | N5: 평균직원
A6: 본사 정규 | B6: 30 | C6: 30 | D6: 30 | E6: 30 | F6: 30 | G6: 31 | H6: 31 | I6: 31 | J6: 32 | K6: 32 | L6: 32 | M6: 31 | N6: =AVERAGE(B8:M8) -> 31.083333
A7: 본사 계약 | B7: 0 | C7: 0 | D7: 0 | E7: 0 | F7: 0 | G7: 0 | H7: 0 | I7: 0 | J7: 0 | K7: 1 | L7: 1 | M7: 1
A8: 계 | B8: =SUM(B6:B7) -> 30 | C8: =SUM(C6:C7) -> 30 | D8: =SUM(D6:D7) -> 30 | E8: =SUM(E6:E7) -> 30 | F8: =SUM(F6:F7) -> 30 | G8: =SUM(G6:G7) -> 31 | H8: =SUM(H6:H7) -> 31 | I8: =SUM(I6:I7) -> 31 | ... M8: =SUM(M6:M7) -> 32
A9: 입사 | G9: 김현종 | J9: 김종순 | K9: 김미성 | N9: 총 입사 | O9: 3
A10: 퇴사 | M10: 심순자 | N10: 총 퇴사 | O10: 1
N11: 퇴직율 | O11: =O10/N6 -> 0.032171582
A13: 2020년 | B13: 1월 | C13: 2월 | D13: 3월 | E13: 4월 | F13: 5월 | G13: 6월 | H13: 7월 | I13: 8월 | J13: 9월 | K13: 10월 | L13: 11월 | M13: 12월 | N13: 평균직원
A14: 직영 정규 | B14: 16 | C14: 15 | D14: 16 | E14: 16 | F14: 15 | G14: 15 | H14: 16 | I14: 17 | J14: 17 | K14: 17 | L14: 16 | M14: 16 | N14: =AVERAGE(B14:M14) -> 16
A15: 입사 | D15: 안혜진 | E15: 김민아 | H15: 김지민 | I15: 연은진 | N15: 총 입사 | O15: 5
A16: 퇴사 | C16: 임지은 | E16: 채민아 | F16: 이혜림 | L16: 김예영 | N16: 총 퇴사 | O16: 3
N17: 퇴직율 | O17: =(O16/N14) -> 0.1875
A20: 2021년 | B20: 1월 | C20: 2월 | D20: 3월 | E20: 4월 | F20: 5월 | G20: 6월 | H20: 7월 | I20: 8월 | J20: 9월 | K20: 10월 | L20: 11월 | M20: 12월 | N20: 평균직원
A21: 본사 정규 | B21: 31 | C21: 31 | D21: 30 | E21: 30 | F21: 30 | G21: 30 | H21: 30 | I21: 30 | J21: 30 | K21: 29 | L21: 29 | M21: 30 | N21: =AVERAGE(B23:M23) -> 30.75
A22: 본사 계약 | B22: 1 | C22: 1 | D22: 1 | E22: 1 | F22: 1 | G22: 1 | H22: 1 | I22: 1 | J22: 1 | K22: 0 | L22: 0 | M22: 0
A23: 계 | B23: =SUM(B21:B22) -> 32 | C23: =SUM(C21:C22) -> 32 | D23: =SUM(D21:D22) -> 31 | E23: =SUM(E21:E22) -> 31 | F23: =SUM(F21:F22) -> 31 | G23: =SUM(G21:G22) -> 31 | H23: =SUM(H21:H22) -> 31 | I23: =SUM(I21:I22) -> 31 | ... M23: =SUM(M21:M22) -> 30
A24: 입사 | M24: 구자홍 | N24: 총 입사 | O24: 1
A25: 퇴사 | D25: 김문수 | K25: 유기선, 김미성 | N25: 총 퇴사 | O25: 3
N26: 퇴직율 | O26: =O25/N21 -> 0.097560976
A28: 2021년 | B28: 1월 | C28: 2월 | D28: 3월 | E28: 4월 | F28: 5월 | G28: 6월 | H28: 7월 | I28: 8월 | J28: 9월 | K28: 10월 | L28: 11월 | M28: 12월 | N28: 평균직원
A29: 직영 정규 | B29: 17 | C29: 17 | D29: 17 | E29: 16 | F29: 14 | G29: 14 | H29: 15 | I29: 14 | J29: 14 | K29: 16 | L29: 16 | M29: 15 | N29: =AVERAGE(B29:M29) -> 15.416667
A30: 입사 | B30: 동백 안수인 | H30: 중등 최초원 | K30: 대치 김다예 대치 김소연 | N30: 총 입사 | O30: 4
A31: 퇴사 | E31: 잠실 김지민 | F31: 잠실 김숙영 잠실 순지혜 | I31: 중계 연은진 | M31: 중등 박상글 중등 최초원 | N31: 총 퇴사 | O31: 6
N32: 퇴직율 | O32: =O31/N29 -> 0.38918919
A33: 2022년 입퇴사 현황(본사/직영)
A35: 2022년 | B35: 1월 | C35: 2월 | D35: 3월 | E35: 4월 | F35: 5월 | G35: 6월 | H35: 7월 | I35: 8월 | J35: 9월 | K35: 10월 | L35: 11월 | M35: 12월 | N35: 평균직원
A36: 본사 정규 | B36: 30 | C36: 30 | D36: 30 | E36: 30 | F36: 28 | G36: 28 | H36: 27 | I36: 28 | J36: 30 | K36: 30 | L36: 32 | M36: 32 | N36: =AVERAGE(B37:M37) -> 29.583333
A37: 계 | B37: =SUM(B36:B36) -> 30 | C37: =SUM(C36:C36) -> 30 | D37: =SUM(D36:D36) -> 30 | E37: =SUM(E36:E36) -> 30 | F37: =SUM(F36:F36) -> 28 | G37: =SUM(G36:G36) -> 28 | H37: 27 | I37: 28 | J37: 30 | K37: 30 | L37: 32 | M37: 32
A38: 입사 | I38: 지성구 | J38: 최준석 김문수 | L38: 최문희 변혜진 이승희 | N38: 총 입사 | O38: 6
A39: 퇴사 | F39: 박대헌 이승희 | H39: 김길중 | L39: 안다애 | N39: 총 퇴사 | O39: 4
N40: 퇴직율
A42: 2022년 | B42: 1월 | C42: 2월 | D42: 3월 | E42: 4월 | F42: 5월 | G42: 6월 | H42: 7월 | I42: 8월 | J42: 9월 | K42: 10월 | L42: 11월 | M42: 12월 | N42: 평균직원
A43: 직영 정규 | B43: 17 | C43: 18 | D43: 18 | E43: 19 | F43: 19 | G43: 19 | H43: 18 | I43: 19 | J43: 20 | K43: 20 | L43: 20 | M43: 20 | N43: =AVERAGE(B43:M43) -> 18.916667
A44: 입사 | B44: 중계 강애리 중계 안유연 | C44: 중등 윤영준 | E44: 동탄 공선경 잠실 홍아름 | F44: 중등 한수진 | H44: 중계 박준희 | I44: 잠실 이채윤 | J44: 대치 박인재 | N44: 총 입사 | O44: 9
A45: 퇴사 | E45: 대치 김소연 | F45: 잠실 백혜진 | H45: 동백 안혜진 대치 이지희 | N45: 총 퇴사 | O45: 4
N47: 퇴직율 | O47: =O45/N43 -> 0.21145374
A49: 2023년 입퇴사 현황(본사/직영)
A51: 2023년 | B51: 1월 | C51: 2월 | D51: 3월 | E51: 4월 | F51: 5월 | G51: 6월 | H51: 7월 | I51: 8월 | J51: 9월 | K51: 10월 | L51: 11월 | M51: 12월 | N51: 평균직원
A52: 본사 정규 | B52: 32 | C52: 31 | D52: 31 | E52: 31 | F52: 31 | G52: 31 | H52: 31 | I52: 31 | J52: 32 | K52: 31 | L52: 30 | M52: 30 | N52: =AVERAGE(B52:M52) -> 31
A53: 입사 | C53: 강규영 김연경 손주호 | J53: 한정규 | N53: 총 입사 | O53: 4
A54: 퇴사 | C54: 최문희 변혜진 이승희 박유린 | K54: 김종순 | L54: 안영일 | N54: 총 퇴사 | O54: 6
N55: 퇴직율 | O55: =O54/N52 -> 0.19354839 | Q55: 1 | R55: 2 | S55: 3 | T55: 4 | U55: 5 | V55: 6 | W55: 7 | X55: 8 | Y55: 9 | Z55: 10 | AA55: 11 | AB55: 12
Q56: 53 | R56: 55 | S56: 55 | T56: 55 | U56: 55 | V56: 54 | W56: 54 | X56: 53 | Y56: 52 | Z56: 49 | AA56: 48 | AB56: 47
A57: 2023년 | B57: 1월 | C57: 2월 | D57: 3월 | E57: 4월 | F57: 5월 | G57: 6월 | H57: 7월 | I57: 8월 | J57: 9월 | K57: 10월 | L57: 11월 | M57: 12월 | N57: 평균직원
A58: 직영 정규 | B58: 21 | C58: 24 | D58: 24 | E58: 24 | F58: 24 | G58: 23 | H58: 23 | I58: 22 | J58: 21 | K58: 19 | L58: 19 | M58: 18 | N58: =AVERAGE(B58:M58) -> 21.833333
A59: 입사 | B59: 중등 정재준 | C59: 잠실 김유정 잠실 김은희 잠실 전영은 | D59: 대치 박다솜 대치 이나지 | H59: 대치 정승지 | N59: 총 입사 | O59: 7
A60: 퇴사 | D60: 잠실 정이수 잠실 홍아름 | G60: 잠실 김은희 | H60: 잠실 이채윤 | I60: 중등 운영준 | J60: 중등 박정흠 | K60: 대치 정승지 중계 강애리 | M60: 잠실 김유정 | N60: 총 퇴사 | O60: 9
N61: 퇴직율 | O61: =O60/N58 -> 0.41221374
A62: 차량기사
A63: 2023년 | B63: 1월 | C63: 2월 | D63: 3월 | E63: 4월 | F63: 5월 | G63: 6월 | H63: 7월 | I63: 8월 | J63: 9월 | K63: 10월 | L63: 11월 | M63: 12월 | N63: 평균직원
A64: 동백 | G64: 2 | M64: 2
A65: 압구정 | G65: 5 | M65: 4
A66: 잠실 | G66: 4 | M66: 4
A67: 중계 | G67: 2 | M67: 2
A68: 목동 | G68: 5 | M68: 4
A69: 동탄 | G69: 4 | M69: 4
A70: 계 | G70: =SUM(G64:G69) -> 22 | M70: =SUM(M64:M69) -> 20
A72: 2024년 입퇴사 현황(본사/직영)
A74: 2024년 | B74: 1월 | C74: 2월 | D74: 3월 | E74: 4월 | F74: 5월 | G74: 6월 | H74: 7월 | I74: 8월 | J74: 9월 | K74: 10월 | L74: 11월 | M74: 12월 | N74: 평균직원
A75: 본사 정규 | B75: 30 | C75: 30 | D75: 30 | E75: 30 | F75: 30 | G75: 29 | H75: 29 | I75: 29 | J75: 28 | K75: 28 | L75: 27 | M75: 27 | N75: =AVERAGE(B75:M75) -> 28.916667
A76: 입사 | K76: 최정우 | N76: 총 입사 | O76: 1
A77: 퇴사 | G77: 이화종 | J77: 김문수 | K77: 강규영 | L77: 조성아 | N77: 총 퇴사 | O77: 3
N78: 퇴직율 | O78: =O77/N75 -> 0.1037464
A80: 2024년 | B80: 1월 | C80: 2월 | D80: 3월 | E80: 4월 | F80: 5월 | G80: 6월 | H80: 7월 | I80: 8월 | J80: 9월 | K80: 10월 | L80: 11월 | M80: 12월 | N80: 평균직원
A81: 직영 정규 | B81: 18 | C81: 17 | D81: 15 | E81: 15 | F81: 15 | G81: 15 | H81: 14 | I81: 14 | J81: 14 | K81: 14 | L81: 14 | M81: 14 | N81: =AVERAGE(B81:M81) -> 14.916667
A82: 입사 | D82: 동탄 김옥엽 | N82: 총 입사 | O82: 1
A83: 퇴사 | C83: 잠실 이선형 | D83: 대치 박다솜 대치 이나지 중등 최세별 | H83: 동탄 이원준 | N83: 총 퇴사 | O83: 5 | U83: =7/3918 -> 0.0017866258
N84: 퇴직율 | O84: =O83/N81 -> 0.33519553
A85: 합계 | B85: =B75+B81 -> 48 | C85: =C75+C81 -> 47 | D85: =D75+D81 -> 45 | E85: =E75+E81 -> 45 | F85: =F75+F81 -> 45 | G85: =G75+G81 -> 44 | H85: =H75+H81 -> 43 | I85: =I75+I81 -> 43 | ... L85: =L75+L81 -> 41
A86: 최종(임원제외) | B86: =B85-5 -> 43 | C86: =C85-5 -> 42 | D86: =D85-5 -> 40 | E86: =E85-5 -> 40 | F86: =F85-5 -> 40 | G86: =G85-5 -> 39 | H86: =H85-5 -> 38 | I86: =I85-5 -> 38 | ... L86: =L85-5 -> 36 | R86: =B86+C86+D86+E86+F86+G86+H86+I86+J86+K86+L86 -> 430
A87: 청년 | B87: 5 | C87: 5 | D87: 5 | E87: 5 | F87: 5 | G87: 5 | H87: 5 | I87: 5 | J87: 5 | K87: 6 | L87: 6 | R87: =B87+C87+D87+E87+F87+G87+H87+I87+J87+K87+L87 -> 57 | S87: =R87/11 -> 5.1818182
A88: 차량기사 | R88: =R86/11 -> 39.090909
A89: 2024년 | B89: 1월 | C89: 2월 | D89: 3월 | E89: 4월 | F89: 5월 | G89: 6월 | H89: 7월 | I89: 8월 | J89: 9월 | K89: 10월 | L89: 11월 | M89: 12월 | N89: 평균직원
A90: 동백 | G90: 2 | M90: 2 | R90: =R88+5 -> 44.090909
A91: 압구정 | G91: 5 | M91: 4
A92: 잠실 | G92: 4 | M92: 4
A93: 중계 | G93: 2 | M93: 2
A94: 목동 | G94: 5 | M94: 4
A95: 동탄 | G95: 4 | M95: 4
A96: 계 | G96: =SUM(G90:G95) -> 22 | M96: =SUM(M90:M95) -> 20
A98: 2025년 입퇴사 현황(본사/직영)
A100: 2025년 | B100: 1월 | C100: 2월 | D100: 3월 | E100: 4월 | F100: 5월 | G100: 6월 | H100: 7월 | I100: 8월 | J100: 9월 | K100: 10월 | L100: 11월 | M100: 12월 | N100: 평균직원
A101: 본사 정규 | B101: 28 | C101: 30 | D101: 31 | E101: 32 | F101: 33 | G101: 32 | H101: 32 | I101: 31 | J101: 31 | K101: 31 | L101: 31 | M101: 31 | N101: =AVERAGE(B101:M101) -> 31.083333 | P101: 대표이사 제외
A102: 입사 | B102: 이준호 | C102: 이영주 진하람 | D102: 황대위 | E102: 김태경 | F102: 이윤희(계약) | N102: 총 입사 | O102: 6
A103: 퇴사 | G103: 최철호 | I103: 황대위 | N103: 총 퇴사 | O103: 2
N104: 퇴직율 | O104: =O103/N101 -> 0.064343164
R105: 대표이사포함 | S105: 32
A106: 2025년 | B106: 1월 | C106: 2월 | D106: 3월 | E106: 4월 | F106: 5월 | G106: 6월 | H106: 7월 | I106: 8월 | J106: 9월 | K106: 10월 | L106: 11월 | M106: 12월 | N106: 평균직원
A107: 직영 정규 | B107: 17 | C107: 17 | D107: 17 | E107: 17 | F107: 20 | G107: 18 | H107: 18 | I107: 19 | J107: 19 | K107: 20 | L107: 23 | M107: 24 | N107: =AVERAGE(B107:M107) -> 19.083333 | S107: 22
A108: 입사 | B108: 대치 김민주 대치 김진실 대치 이미현 | F108: 대치 정승원 대치 정소희 잠실 김현 | I108: 동백 이호영 (동백에신고) | K108: 사직 김재이 사직 송은 | L108: 대치 김민선 대치 이지영 대치 이권현 | M108: 사직 신정윤 | N108: 총 입사 | O108: 12
A109: 퇴사 | G109: 대치 이미현 | K109: 대치 김진실 | N109: 총 퇴사 | O109: 3
G110: 잠실 김현 | N110: 퇴직율 | O110: =O109/N107 -> 0.15720524
A111: 차량기사
A112: 2024년 | B112: 1월 | C112: 2월 | D112: 3월 | E112: 4월 | F112: 5월 | G112: 6월 | H112: 7월 | I112: 8월 | J112: 9월 | K112: 10월 | L112: 11월 | M112: 12월 | N112: 평균직원
A113: 동백 | G113: 2 | M113: 2
A114: 압구정 | G114: 5 | M114: 4
A115: 잠실 | G115: 4 | M115: 4
A116: 중계 | G116: 2 | M116: 2
A117: 목동 | G117: 5 | M117: 4
A118: 동탄 | G118: 4 | M118: 4
...

Sheet 년별 입퇴사 현황
A1: 년도 별 입, 퇴사자 현황
B2: 2011년 | C2: 2012년 | D2: 2013년 | E2: 2014년 | F2: 2015년 | G2: 2016년 | H2: 2017년 | I2: 2018년 | J2: 2019년 | K2: 2020년 | L2: 2021년 | M2: 2022년 | N2: 2023년 | O2: 2024년 | P2: 2025년
A3: 입사자 | B3: 최철호(08.01) | C3: 박여진(01.01) | D3: 김형인(04.15) | E3: 김세영(01.01) | F3: 오우림(11.01) | H3: 원혜인(2.14) | I3: 조성아(2.23) | J3: 박대헌(2.11) | K3: 김현종(6.1) | L3: 구자홍(12.6) | M3: 지성구(8.8) | N3: 강규영(1.27) | O3: 최정우(10.28) | P3: 이준호(1.2)
B4: 김용권(08.29) | C4: 정혜영(01.02) | D4: 박용희(06.17) | E4: 심순자(03.01) | H4: 박미영(3.20) | I4: 유기선(2.23) | J4: 김문수(12.1) | K4: 김종순(9.7) | M4: 최준석(9.1) | N4: 김연경(1.27) | P4: 이영주(2.1)
B5: 유종찬(11.01) | C5: 이종명(01.25) | D5: 배은서(06.17) | E5: 김숙희(03.01) | H5: 이동희(7.1) | I5: 이승희(6.1) | M5: 김문수(9.1) | N5: 손주호(1.27) | P5: 진하람(2.1)
C6: 정호은(01.25) | D6: 김진형(10.07) | E6: 마세영(03.17) | H6: 이화종(10.23) | N6: 한정규(9.1) | P6: 황대위(3.1)
C7: 전선민(01.25) | D7: 명수진(10.07) | E7: 김소라(03.24) | H7: 최준석(10.23) | P7: 김태경(4.1)
C8: 이유미(02.20) | D8: 김란아(10.07) | E8: 정용상(09.01) | P8: 이윤희(5.1)
C9: 박종주(02.06)
C10: 강철구(02.06)
C11: 오준영(03.05)
C12: 조진성(10.25)
C13: 김경열(12.10)
C14: 박대헌(12.10)
A16: 퇴사자 | B16: 임현(05.31) | C16: 이훈민(01.31) | D16: 김현주(02.28) | E16: 강재석(02.28) | F16: 이종명(1.25) | G16: 명수진(1.22) | H16: 마세영(3.10) | I16: 박대헌(1.10) | J16: 이유미(12.31) | K16: 심순자(12.31) | L16: 김문수(3.1) | M16: 박대헌(4.30) | N16: 최문희(2.10) | O16: 이화종(6.28) | P16: 최철호(5.31)
B17: 황석연(10.30) | C17: 김혜진(03.10) | D17: 김희진(03.31) | E17: 유종찬(03.31) | F17: 최보나(4.01) | H17: 김형인(5.16) | I17: 이치영(1.31) | J17: 원혜인(2.28) | K17: 이우기(1.31) | L17: 유기선(11.1) | M17: 이승희(5.31) | N17: 변혜진(2.1) | O17: 김문수(9.10) | P17: 황대위(7.31)
B18: 이재호(10.30) | C18: 전선민(07.31) | D18: 조진성(05.08) | E18: 김란아(07.22) | F18: 정혜영(4.30) | H18: 강철구(8.30) | I18: 정용상(12.31) | M18: 김길중(6.30) | N18: 이승희(2.1) | O18: 강규영(10.18)
B19: 김형인(12.05) | C19: 왕준표(07.31) | D19: 이응희(05.31) | E19: 김세영(07.31) | F19: 배은서(4.29) | H19: 김용권(6.30) | I19: 김재근(7.19) | N19: 박유린(2.1) | O19: 조성아(11.24)
B20: 최세별(12.07) | C20: 이항녕(11.26) | D20: 김경열(06.05) | E20: 박용희(11.30) | F20: 유민재(7.01) | N20: 김종순(10.28)
B21: 김설화(12.30) | D21: 강민영(06.30) | E21: 노정현(11.30) | F21: 김민식(8.31) | N21: 안영일
B22: 신광용(11.30) | D22: 정호은(07.31) | F22: 오준영(10.15)
D23: 박종주(11.08)
D24: 박여진(12.13)
D25: 이지현(12.17)
D26: 최보나(12.31)

Sheet 조경희
B1: 직원 인사 기록 카드
B2: =TODAY() -> 46113
B3: 입 사 일 자 | E3: 36770 | L3: 퇴 사 일 자 | W3: 소속본부 및 팀 | AA3: 연구소
B5: 이 름 | E5: 조 경 희 | L5: 종 교 | N5: 불교 | R5: 사 진
B6: 생 년 월 일 | E6: 23751 | L6: 나 이 | N6: =DATEDIF(E6,TODAY(),"y") -> 61
B7: 주민등록번호 | E7: 650109-2011122 | L7: 근속연수 | N7: =(B2-E3)/365 -> 25.59726
B8: 현 주 소 | E8: 서울시 마포구 | K8: 독막로 28길 10 밤섬경남아너스빌 103동 1801호
B9: 거 주 지 | E9: 서울시 마포구 독막로 28길 10 밤섬경남아너스빌 103동 1801호
B10: 전 화 번 호 | E10: 010-5264-1390 | M10: 결혼유무
B11: 자 격 사 항 | E11: 종 류 | J11: 취 득 일 | O11: 특 기
B15: 병 력 사 항
E16: 기 간 | N16: 최종 계급
E17: 군 별 | N17: 병 과
B18: 학 력 | E18: 기 간 | I18: 학교 및 전공 | N18: 졸업년월 | Q18: 최종학력
E19: 1983.03 ~ 1987.02 | I19: 서울대학교 | L19: 계산통계학 | N19: 1987.02 | Q19: 대졸
B23: 경 력 | E23: 재 직 기 간 | K23: 근 무 부 서 | N23: 직 장 명 | P23: 직 위 | R23: 근 무 년 수
E24: 32905 | H24: 33969 | K24: CBE개발부 | N24: 웅진미디어 | P24: 연구원 | R24: =(H24-E24)/365 -> 2.9150685
E25: 34182 | H25: 34699 | K25: 개발부 | N25: 성일정보통신 | P25: 팀장 | R25: =(H25-E25)/365 -> 1.4164384
E26: 34700 | H26: 35430 | K26: 과학개발팀 | N26: 김영사 | P26: 팀장 | R26: =(H26-E26)/365 -> 2
E27: 35431 | H27: 36160 | K27: 초등수학 | N27: 아인투과학교실 | P27: 강사 | R27: =(H27-E27)/365 -> 1.9972603
E28: 36161 | H28: 36891 | K28: 연구개발부 | N28: 뫼비우스 | P28: 실장 | R28: =(H28-E28)/365 -> 2
P29: 경력합계 | R29: =SUM(R24:T28) -> 10.328767
B30: 가 족 사 항 | E30: 성 명 | H30: 관 계 | J30: 생년월일 | M30: 직 업 | P30: 학력 | S30: 비고
E31: 이충기 | H31: 배우자 | J31: 23047 | M31: 사업 | P31: 대학원졸
E32: 이승희 | H32: 자 | J32: 33615 | P32: 학생
E33: 이하연 | H33: 자 | J33: 34086 | P33: 학생

Sheet 김우찬
B1: 직원 인사 기록 카드
B2: =TODAY() -> 46113
B3: 입 사 일 자 | E3: 37288 | L3: 퇴 사 일 자 | W3: 소속본부 및 팀 | AA3: 학원사업본부
B5: 이 름 | E5: 김 우 찬 | L5: 종 교 | N5: 천주교 | R5: 사 진
B6: 생 년 월 일 | E6: 27988 | L6: 나 이 | N6: =DATEDIF(E6,TODAY(),"y") -> 49
B7: 주민등록번호 | E7: 760816-1018913 | L7: 근속연수 | N7: =(B2-E3)/365 -> 24.178082
B8: 현 주 소 | E8: 서울시 영등포구 | K8: 당산로41길 23 106동 1207호
B9: 거 주 지 | E9: 서울 영등포구 당산로41길 23 106동 1207호
B10: 전 화 번 호 | E10: 02-2679-3166 | M10: 결혼유무
B11: 자 격 사 항 | E11: 종 류 | J11: 취 득 일 | O11: 특 기 | R11: 컴퓨터
E12: 운전면허 1종 보통 | J12: 1995.08
E13: 정보처리 산업기사 | J13: 2000.02
B15: 병 력 사 항
E16: 기 간 | G16: 97-10~99-12 | N16: 최종 계급 | Q16: 병장
E17: 군 별 | G17: 육군 | N17: 병 과 | Q17: 106M
B18: 학 력 | E18: 기 간 | I18: 학교 및 전공 | N18: 졸업년월 | Q18: 최종학력
E19: 93.2~95.2 | I19: 여의도 고등학교 | N19: 1995.2 | Q19: 대졸
E20: 97.2~2002.2 | I20: 숭실대학교 | L20: 전산원 | N20: 2002.2
B23: 경 력 | E23: 재 직 기 간 | K23: 근 무 부 서 | N23: 직 장 명 | P23: 직 위 | R23: 근 무 년 수
R24: =(H24-E24)/365 -> 0
R25: =(H25-E25)/365 -> 0
R26: =(H26-E26)/365 -> 0
R27: =(H27-E27)/365 -> 0
R28: =(H28-E28)/365 -> 0
P29: 경력합계 | R29: =SUM(R24:T28) -> 0
B30: 가 족 사 항 | E30: 성 명 | H30: 관 계 | J30: 생년월일 | M30: 직 업 | P30: 학력 | S30: 비고
E31: 김희진 | H31: 처 | J31: 29697
E32: 김채율 | H32: 자녀 | J32: 41002
E33: 김채아 | H33: 자녀 | J33: 42488
E34: 김시후 | H34: 자녀 | J34: 43941

Sheet 강종태
B1: 직원 인사 기록 카드
B2: =TODAY() -> 46113
B3: 입 사 일 자 | E3: 37865 | L3: 퇴 사 일 자 | W3: 소속본부 및 팀 | AA3: 경영총괄실
B5: 이 름 | E5: 강 종 태 | L5: 종 교 | N5: 불교 | R5: 사 진
B6: 생 년 월 일 | E6: 27844 | L6: 나 이 | N6: =DATEDIF(E6,TODAY(),"y") -> 50
B7: 주민등록번호 | E7: 760405-1011314 | L7: 근속연수 | N7: =(B2-E3)/365 -> 22.59726
B8: 현 주 소 | E8: 경기도 의왕시 | K8: 포일세거리로 73 401동 201호
B9: 거 주 지 | E9: 경기 의왕시 포일세거리로 73 401동 201호
B10: 전 화 번 호 | E10: 031-211-6167 (011-9030-6167) | M10: 결혼유무
B11: 자 격 사 항 | E11: 종 류 | J11: 취 득 일 | O11: 특 기
E12: 수학영재지도자과정 수료 | J12: 38884
E13: 커뮤니케이션역량과정 수료 | J13: 41097
E14: 17기벤처최고경영자과정 | J14: 42353
B15: 병 력 사 항
E16: 기 간 | G16: 1998. 8. ~ 2000. 2. | N16: 최종 계급 | Q16: 상병
E17: 군 별 | G17: 공군 | N17: 병 과 | Q17: 항공기체정비
B18: 학 력 | E18: 기 간 | I18: 학교 및 전공 | N18: 졸업년월 | Q18: 최종학력
E19: 1992. 3. ~ 1995. 2. | I19: 수성고등학교 | N19: 1995. 2. | Q19: 대졸
E20: 1996. 3. ~ 2003. 8. | I20: 서울대 | L20: 기계항공공학부 | N20: 2003. 8.
B23: 경 력 | E23: 재 직 기 간 | K23: 근 무 부 서 | N23: 직 장 명 | P23: 직 위 | R23: 근 무 년 수
P29: 경력합계
B30: 가 족 사 항 | E30: 성 명 | H30: 관 계 | J30: 생년월일 | M30: 직 업 | P30: 학력 | S30: 비고
E31: 강용성 | H31: 父 | J31: 1948. 1. 14.
E32: 최기순 | H32: 母 | J32: 1951. 12. 16.
E33: 오선희 | H33: 처 | J33: 29875
E34: 강다은 | H34: 자녀 | J34: 44201

Sheet 이상훈
B1: 직원 인사 기록 카드
B2: =TODAY() -> 46113
B3: 입 사 일 자 | E3: 39661 | L3: 퇴 사 일 자 | W3: 소속본부 및 팀 | AA3: 출판사업본부
B5: 이 름 | E5: 이 상 훈 | L5: 종 교 | R5: 사 진
B6: 생 년 월 일 | E6: 26671 | L6: 나 이 | N6: =DATEDIF(E6,TODAY(),"y") -> 53
B7: 주민등록번호 | E7: 730107-1006722 | L7: 근속연수 | N7: =(B2-E3)/365 -> 17.676712
B8: 현 주 소 | E8: 경기도 고양시 덕양구 | L8: 고양동 푸른마을 101동 2102호
B9: 거 주 지 | E9: 상 동
B10: 전 화 번 호 | E10: 011 - 9021 - 9315 | M10: 결혼유무
B11: 자 격 사 항 | E11: 종 류 | J11: 취 득 일 | O11: 특 기
E12: 운전면허 보통 1종
B15: 병 력 사 항
E16: 기 간 | G16: 1995/01 ~ 1997/03 | N16: 최종 계급 | Q16: 병장
E17: 군 별 | G17: 육군 | N17: 병 과 | Q17: 전투공병
B18: 학 력 | E18: 기 간 | I18: 학교 및 전공 | N18: 졸업년월 | Q18: 최종학력
E19: 1987 ~ 1990 | I19: 서울 인창고등학교 | N19: 1990.02 | Q19: 대졸
E20: 1994 ~ 2001 | I20: 명지대학교 | K20: 행정학(법학) | N20: 2001.02
B23: 경 력 | E23: 재 직 기 간 | K23: 근 무 부 서 | N23: 직 장 명 | P23: 직 위 | R23: 근 무 년 수
E24: 33298 | H24: 34000 | K24: 경영관리 | N24: 흥진출판사 | P24: 사원 | R24: =(H24-E24)/365 -> 1.9232877
E25: 36861 | H25: 38671 | K25: 홍보(영업) | N25: 중앙교육 입시연구원 | P25: 과장 | R25: =(H25-E25)/365 -> 4.9589041
E26: 38672 | H26: 39005 | K26: 영업 | N26: 도서총판 백신도서 | P26: 부장 | R26: =(H26-E26)/365 -> 0.91232877
E27: 39006 | H27: 39629 | K27: 경영기획 | N27: 학천미디어 | P27: 과장 | R27: =(H27-E27)/365 -> 1.7068493
P29: 경력합계 | R29: =SUM(R24:T28) -> 9.5013699
B30: 가 족 사 항 | E30: 성 명 | H30: 관 계 | J30: 생년월일 | M30: 직 업 | P30: 학력 | S30: 비고
E31: 이상훈 | H31: 본인 | J31: 1973.01.07 | M31: 회사원 | P31: 대졸
E32: 장학실 | H32: 처 | J32: 1971.09.13 | M32: 주부 | P32: 대졸
E33: 이진영 | H33: 자 | J33: 2003.12.29 | M33: 초등학생 | P33: 초등학교 재

Sheet 전연진
B1: 직원 인사 기록 카드
B2: =TODAY() -> 46113
B3: 입 사 일 자 | E3: 39699 | L3: 퇴 사 일 자 | W3: 소속본부 및 팀 | AA3: 연구소 | AE3: 개발팀
B5: 이 름 | E5: 전 연 진 | L5: 종 교 | N5: 無 | R5: 사 진
B6: 생 년 월 일 | E6: 29299 | L6: 나 이 | N6: =DATEDIF(E6,TODAY(),"y") -> 46
B7: 주민등록번호 | E7: 800319-2009518 | L7: 근속연수 | N7: =(B2-E3)/365 -> 17.572603
B8: 현 주 소 | E8: 경기도 부천시 | L8: 옥길로 55 709동 1402호
B9: 거 주 지 | E9: 경기도 부천시 옥길로 55 709동 1402호
B10: 전 화 번 호 | E10: 010-4183-0319 | M10: 결혼유무
B11: 자 격 사 항 | E11: 종 류 | J11: 취 득 일 | O11: 특 기
E12: 자동차운전면허 1종보통 | J12: 2003.01.11
E13: 워드프로세서 | J13: 2005.09.08
E14: 대기환경기사 | J14: 2005.09.11
B15: 병 력 사 항
E16: 기 간 | N16: 최종 계급
E17: 군 별 | N17: 병 과
B18: 학 력 | E18: 기 간 | I18: 학교 및 전공 | N18: 졸업년월 | Q18: 최종학력
E19: 1999.03 ~ 2003.02 | I19: 강원대학교 전자계산환경과학과군 | N19: 2003.02 | Q19: 석사
E20: 2008.09 ~ 2011.02 | I20: 건국대 교육대학원 | L20: 영재교육전공 | N20: 2011.02
B23: 경 력 | E23: 재 직 기 간 | K23: 근 무 부 서 | N23: 직 장 명 | P23: 직 위 | R23: 근 무 년 수
E24: 37622 | H24: 38534 | N24: 와이즈만영재교육원 | P24: 팀장 | R24: =(H24-E24)/365 -> 2.4986301
E25: 38565 | H25: 38687 | K25: 초등개발 | N25: (주)에듀왕 | P25: 사원 | R25: =(H25-E25)/365 -> 0.33424658
E26: 38687 | H26: 39539 | K26: 기획조정본부 | N26: ㈜이루넷 | P26: 사원 | R26: =(H26-E26)/365 -> 2.3342466
E27: 39539 | H27: 39692 | N27: 폴라사이언스 | P27: 대리 | R27: =(H27-E27)/365 -> 0.41917808
R28: =(H28-E28)/365 -> 0
P29: 경력합계 | R29: =SUM(R24:T28) -> 5.5863014
B30: 가 족 사 항 | E30: 성 명 | H30: 관 계 | J30: 생년월일 | M30: 직 업 | P30: 학력 | S30: 비고
E31: 차승규 | H31: 남편 | J31: 29081 | M31: 회사원
E32: 차민우 | H32: 자녀 | J32: 41009
E33: 차유승 | H33: 자녀

Sheet 유상욱
B1: 직원 인사 기록 카드
B2: =TODAY() -> 46113
B3: 입 사 일 자 | E3: 39734 | L3: 퇴 사 일 자 | W3: 소속본부 및 팀 | AA3: 연구소 | AE3: 스마트학습팀
B5: 이 름 | E5: 류 상 욱 | L5: 종 교 | N5: 무교 | R5: 사 진
B6: 생 년 월 일 | E6: 28765 | L6: 나 이 | N6: =DATEDIF(E6,TODAY(),"y") -> 47
B7: 주민등록번호 | E7: 781002-1030311 | L7: 근속연수 | N7: =(B2-E3)/365 -> 17.476712
B8: 현 주 소 | E8: 경기도 하남시 | K8: 감일백제로 65 1202동 2005호
B9: 거 주 지 | E9: 경기 하남시 감일백제로 65 1202동 2005호
B10: 전 화 번 호 | E10: 010-6487-7217 | M10: 결혼유무
B11: 자 격 사 항 | E11: 종 류 | J11: 취 득 일 | O11: 특 기
E12: 정보처리기사
E13: 무선통신기사
E14: 운전면허1종보통
B15: 병 력 사 항
E16: 기 간 | G16: 2004~2006 | N16: 최종 계급 | Q16: 병장
E17: 군 별 | G17: 육군 | N17: 병 과 | Q17: 위성통신
B18: 학 력 | E18: 기 간 | I18: 학교 및 전공 | N18: 졸업년월 | Q18: 최종학력
E19: ~1997 | I19: 인헌고등학교 | N19: 1997 | Q19: 대졸
E20: ~2002 | I20: 국민대학교 | L20: 전자공학 | N20: 2002
B23: 경 력 | E23: 재 직 기 간 | K23: 근 무 부 서 | N23: 직 장 명 | P23: 직 위 | R23: 근 무 년 수
R24: =(H24-E24)/365 -> 0
R25: =(H25-E25)/365 -> 0
R26: =(H26-E26)/365 -> 0
R27: =(H27-E27)/365 -> 0
R28: =(H28-E28)/365 -> 0
P29: 경력합계 | R29: =SUM(R24:T28) -> 0
B30: 가 족 사 항 | E30: 성 명 | H30: 관 계 | J30: 생년월일 | M30: 직 업 | P30: 학력 | S30: 비고
E31: 유승길 | H31: 부 | J31: 1948.3.3 | M31: 운수업 | P31: 고졸
E32: 김경애 | H32: 모 | J32: 1954.6.2 | M32: 주부 | P32: 고졸
E33: 유지식 | H33: 형 | J33: 1977.4.24 | M33: 직장인 | P33: 대졸

Sheet 송재완
B1: 직원 인사 기록 카드
B2: =TODAY() -> 46113
B3: 입 사 일 자 | E3: 39762 | L3: 퇴 사 일 자 | W3: 소속본부 및 팀 | AA3: 출판사업본부 | AE3: 출판영업팀
B5: 이 름 | E5: 송 재 완 | L5: 종 교 | R5: 사 진
B6: 생 년 월 일 | E6: 28335 | L6: 나 이 | N6: =DATEDIF(E6,TODAY(),"y") -> 48
B7: 주민등록번호 | E7: 770729-1520311 | L7: 근속연수 | N7: =(B2-E3)/365 -> 17.4
B8: 현 주 소 | E8: 경기도 수원시 장안구 | L8: 정자동 연꽃마을 424동 801호
B9: 거 주 지 | E9: 경기도 수원시 장안구 정자동 연꽃마을 424동 801호
B10: 전 화 번 호 | E10: 010-4715-1977 | M10: 결혼유무
B11: 자 격 사 항 | E11: 종 류 | J11: 취 득 일 | O11: 특 기
B15: 병 력 사 항
E16: 기 간 | N16: 최종 계급 | Q16: 병장
E17: 군 별 | G17: 육군 | N17: 병 과
B18: 학 력 | E18: 기 간 | I18: 학교 및 전공 | N18: 졸업년월 | Q18: 최종학력
E19: 1993 ~ 1996 | I19: 흥진고등학교 | N19: 1996.02 | Q19: 대졸
E20: 1996 ~ 2001 | I20: 호원대학교 | K20: 관광경영학 | N20: 2001.02
B23: 경 력 | E23: 재 직 기 간 | K23: 근 무 부 서 | N23: 직 장 명 | P23: 직 위 | R23: 근 무 년 수
E24: 37561 | H24: 39508 | K24: 영업부 | N24: 시공사 | P24: 대리 | R24: =(H24-E24)/365 -> 5.3342466
R25: =(H25-E25)/365 -> 0
R26: =(H26-E26)/365 -> 0
R27: =(H27-E27)/365 -> 0
P29: 경력합계 | R29: =SUM(R24:T28) -> 5.3342466
B30: 가 족 사 항 | E30: 성 명 | H30: 관 계 | J30: 생년월일 | M30: 직 업 | P30: 학력 | S30: 비고
E31: 박 수 현 | H31: 처 | J31: 28439
E32: 송 지 민 | H32: 자 | J32: 38379

Sheet 양현미
B1: 직원 인사 기록 카드
B2: =TODAY() -> 46113
B3: 입 사 일 자 | E3: 40210 | L3: 퇴 사 일 자 | W3: 소속본부 및 팀 | AA3: 학원사업본부 | AE3: 직영교육팀
B5: 이 름 | E5: 양 현 미 | L5: 종 교 | N5: 無 | R5: 사 진
B6: 생 년 월 일 | E6: 28064 | L6: 나 이 | N6: =DATEDIF(E6,TODAY(),"y") -> 49
B7: 주민등록번호 | E7: 761031-2024422 | L7: 근속연수 | N7: =(B2-E3)/365 -> 16.172603
B8: 현 주 소 | E8: 서울시 성북구 | L8: 종암동 10-54번지 201호
B9: 거 주 지 | E9: 서울시 성북구 종암동 10-54번지 201호
B10: 전 화 번 호 | M10: 결혼유무
B11: 자 격 사 항 | E11: 종 류 | J11: 취 득 일 | O11: 특 기
E12: 이러닝지도사2급 | J12: 2008.4.30
B15: 병 력 사 항
E16: 기 간 | N16: 최종 계급
E17: 군 별 | N17: 병 과
B18: 학 력 | E18: 기 간 | I18: 학교 및 전공 | N18: 졸업년월 | Q18: 최종학력
E19: 1992.3~1995.2 | I19: 한성여자고등학교 졸업 | N19: 1995.2 | Q19: 대졸
E20: 1995.3~2000.2 | I20: 상명대학교 | L20: 지리학 | N20: 2000.2
B23: 경 력 | E23: 재 직 기 간 | K23: 근 무 부 서 | N23: 직 장 명 | P23: 직 위 | R23: 근 무 년 수
E24: 36708 | H24: 37135 | K24: 리테일사업팀 | N24: 한미은행 | P24: 행원 | R24: =(H24-E24)/365 -> 1.169863
E25: 37408 | H25: 38078 | K25: 학습지사업부 | N25: ㈜세스넷 | P25: 사원 | R25: =(H25-E25)/365 -> 1.8356164
E26: 38078 | H26: 39326 | K26: 교육홍보팀 | N26: ㈜푸른영어 | P26: 대리 | R26: =(H26-E26)/365 -> 3.4191781
E27: 39539 | H27: 39722 | K27: 교육팀 | N27: ㈜위드에프피 (현.웅진패스원) | P27: 과장 | R27: =(H27-E27)/365 -> 0.50136986
E28: 39873 | H28: 40148 | K28: 이러닝사업부 | N28: ㈜영교 | P28: 사원 | R28: =(H28-E28)/365 -> 0.75342466
P29: 경력합계 | R29: =SUM(R24:T28) -> 7.6794521
B30: 가 족 사 항 | E30: 성 명 | H30: 관 계 | J30: 생년월일 | M30: 직 업 | P30: 학력 | S30: 비고
E31: 양득승 | H31: 부 | J31: 1948.5.1 | M31: 퇴직 | P31: 대졸
E32: 조인상 | H32: 모 | J32: 1593.12.2 | M32: 사업 | P32: 대졸
E33: 양운상 | H33: 오빠 | J33: 1974.10.6 | M33: 사업 | P33: 대학원졸

Sheet 심종주
B1: 직원 인사 기록 카드
B2: =TODAY() -> 46113
B3: 입 사 일 자 | E3: 40225 | L3: 퇴 사 일 자 | W3: 소속본부 및 팀 | AA3: 경영총괄실 | AE3: 경영지원팀
B5: 이 름 | E5: 심 종 주 | L5: 종 교 | N5: 무 | R5: 사 진
B6: 생 년 월 일 | E6: 30447 | L6: 나 이 | N6: =DATEDIF(E6,TODAY(),"y") -> 42
B7: 주민등록번호 | E7: 830511-1012516 | L7: 근속연수 | N7: =(B2-E3)/365 -> 16.131507
B8: 현 주 소 | E8: 경기도 파주시 | K8: 청암로28 819동 801호
B9: 거 주 지 | E9: 경기도 파주시 청암로28 819동801ㅗㅓ
B10: 전 화 번 호 | E10: 010-3026-0047 | M10: 결혼유무
B11: 자 격 사 항 | E11: 종 류 | J11: 취 득 일 | O11: 특 기
E12: 노무관리 이슈/트렌드 수료 | J12: 44585
E13: 근로기준법 실무 수료 | J13: 41687
E14: 원가절감 분석 수료 | J14: 41143
B15: 병 력 사 항
E16: 기 간 | G16: 2003.06 ~ 2005.08 | N16: 최종 계급
E17: 군 별 | G17: 공익근무 | N17: 병 과
B18: 학 력 | E18: 기 간 | I18: 학교 및 전공 | N18: 졸업년월 | Q18: 최종학력
E19: 2009.08 졸업 | I19: 한성대학교 | L19: 경영학과 | Q19: 대졸
B23: 경 력 | E23: 재 직 기 간 | K23: 근 무 부 서 | N23: 직 장 명 | P23: 직 위 | R23: 근 무 년 수
E24: 38588 | H24: 38952 | K24: 일산지점 총무과 | N24: 농협중앙회 | P24: 사원 | R24: =(H24-E24)/365 -> 0.99726027
R25: =(H25-E25)/365 -> 0
R26: =(H26-E26)/365 -> 0
R27: =(H27-E27)/365 -> 0
R28: =(H28-E28)/365 -> 0
P29: 경력합계 | R29: =SUM(R24:T28) -> 0.99726027
B30: 가 족 사 항 | E30: 성 명 | H30: 관 계 | J30: 생년월일 | M30: 직 업 | P30: 학력 | S30: 비고
E31: 강지민 | H31: 처 | J31: 29366
E32: 심재희 | H32: 자녀 | J32: 41215
E33: 심찬희 | H33: 자녀 | J33: 42587

Sheet 박민정
B1: 직원 인사 기록 카드
B2: =TODAY() -> 46113
B3: 입 사 일 자 | E3: 40525 | L3: 퇴 사 일 자 | W3: 소속본부 및 팀 | AA3: 경영총괄실 | AE3: 경영지원팀
B5: 이 름 | E5: 박 민 정 | L5: 종 교 | N5: 무교 | R5: 사 진
B6: 생 년 월 일 | E6: 31836 | L6: 나 이 | N6: =DATEDIF(E6,TODAY(),"y") -> 39
B7: 주민등록번호 | E7: 870228-2382119 | L7: 근속연수 | N7: =(B2-E3)/365 -> 15.309589
B8: 현 주 소 | E8: 충북 보은군 보은읍 | K8: 삼산리 122-4
B9: 거 주 지 | E9: 서울시 중랑구 면목동 300-14
B10: 전 화 번 호 | E10: 010-7444-1004 | M10: 결혼유무
B11: 자 격 사 항 | E11: 종 류 | J11: 취 득 일 | O11: 특 기
E12: 사무자동화산업기사 | J12: 2010.08.13
E13: 워드프로세서 1급 | J13: 2009.09.04
B15: 병 력 사 항
E16: 기 간 | N16: 최종 계급
E17: 군 별 | N17: 병 과
B18: 학 력 | E18: 기 간 | I18: 학교 및 전공 | N18: 졸업년월 | Q18: 최종학력
E19: 2007.03 | I19: 한남대학교 | L19: 수학과 | N19: 2011.02 | Q19: 대졸
B23: 경 력 | E23: 재 직 기 간 | K23: 근 무 부 서 | N23: 직 장 명 | P23: 직 위 | R23: 근 무 년 수
R24: =(H24-E24)/365 -> 0
R25: =(H25-E25)/365 -> 0
R26: =(H26-E26)/365 -> 0
R27: =(H27-E27)/365 -> 0
R28: =(H28-E28)/365 -> 0
P29: 경력합계 | R29: =SUM(R24:T28) -> 0
B30: 가 족 사 항 | E30: 성 명 | H30: 관 계 | J30: 생년월일 | M30: 직 업 | P30: 학력 | S30: 비고
E31: 박세일 | H31: 부 | J31: 1960.05.20 | P31: 대졸
E32: 길정자 | H32: 모 | J32: 1963.02.28 | P32: 초대졸
E33: 박석진 | H33: 제 | J33: 1989.02.13 | P33: 대학 재학

Sheet 최철호
B1: 직원 인사 기록 카드
B2: =TODAY() -> 46113
B3: 입 사 일 자 | E3: 40756 | L3: 퇴 사 일 자 | W3: 소속본부 및 팀 | AA3: 출판사업본부 | AE3: 출판영업팀
B5: 이 름 | E5: 최 철 호 | L5: 종 교 | R5: 사 진
B6: 생 년 월 일 | E6: 23520 | L6: 나 이 | N6: =DATEDIF(E6,TODAY(),"y") -> 61
B7: 주민등록번호 | E7: 640523-1101216 | L7: 근속연수 | N7: =(B2-E3)/365 -> 14.676712
B8: 현 주 소 | E8: 경기도 고양시 일산동구 | K8: 고봉로278번길 17, 207동 2401호(이편한세상아파트)
B9: 거 주 지 | E9: 경기도 고양시 일산동구 고봉로278번길 17, 207동 2401호(이편한세상아파트)
B10: 전 화 번 호 | E10: 010-8314-0775 | M10: 결혼유무
B11: 자 격 사 항 | E11: 종 류 | J11: 취 득 일 | O11: 특 기
B15: 병 력 사 항
E16: 기 간 | N16: 최종 계급
E17: 군 별 | N17: 병 과
B18: 학 력 | E18: 기 간 | I18: 학교 및 전공 | N18: 졸업년월 | Q18: 최종학력
E19: 1983.03 ~ 1993.08 | I19: 서울대학교 | L19: 수학과 | N19: 1993.08 | Q19: 대졸
B23: 경 력 | E23: 재 직 기 간 | K23: 근 무 부 서 | N23: 직 장 명 | P23: 직 위 | R23: 근 무 년 수
E24: 36586 | H24: 40237 | N24: ㈜제사교육 | P24: 부사장 | R24: =(H24-E24)/365 -> 10.00274
E25: 40238 | H25: 40755 | N25: ㈜티스터디 | P25: 이사 | R25: =(H25-E25)/365 -> 1.4164384
R26: =(H26-E26)/365 -> 0
P29: 경력합계 | R29: =SUM(R24:T28) -> 11.419178
B30: 가 족 사 항 | E30: 성 명 | H30: 관 계 | J30: 생년월일 | M30: 직 업 | P30: 학력 | S30: 비고
E31: 장미련 | H31: 배우자 | J31: 23563 | M31: 주부
E32: 최혜우 | H32: 녀 | J32: 34314 | P32: 학생
E33: 최은우 | H33: 자 | J33: 34843 | P33: 학생

Sheet 김진형
B1: 직원 인사 기록 카드
B2: =TODAY() -> 46113
B3: 입 사 일 자 | E3: 41554 | L3: 퇴 사 일 자 | W3: 소속본부 및 팀 | AA3: 학원사업본부 | AE3: 가맹사업팀
B5: 이 름 | E5: 김 진 형 | L5: 종 교 | R5: 사 진
B6: 생 년 월 일 | E6: 30594 | L6: 나 이 | N6: =DATEDIF(E6,TODAY(),"y") -> 42
B7: 주민등록번호 | E7: 831005-1051713 | L7: 근속연수 | N7: =(B2-E3)/365 -> 12.490411
B8: 현 주 소 | E8: 서울특별시 은평구 진관동 22 | L8: 은평뉴타운 구파발909-402
B9: 거 주 지 | E9: 상 동
B10: 전 화 번 호 | E10: 010-8888-3677 | M10: 결혼유무
B11: 자 격 사 항 | E11: 종 류 | J11: 취 득 일 | O11: 특 기
B15: 병 력 사 항
E16: 기 간 | G16: 2009.11~2012.10 | N16: 최종 계급 | Q16: 중위
E17: 군 별 | N17: 병 과
B18: 학 력 | E18: 기 간 | I18: 학교 및 전공 | N18: 졸업년월 | Q18: 최종학력
E19: 2002.02 졸업 | I19: 서라벌 고등학교 | N19: 37315 | Q19: 대졸
E20: 2003.03~2008.01 | I20: TSING HUA UNI. | K20: 중어중문 | N20: 39661
B23: 경 력 | E23: 재 직 기 간 | K23: 근 무 부 서 | N23: 직 장 명 | P23: 직 위 | R23: 근 무 년 수
R24: =(H24-E24)/365 -> 0
R25: =(H25-E25)/365 -> 0
R26: =(H26-E26)/365 -> 0
R27: =(H27-E27)/365 -> 0
P29: 경력합계 | R29: =SUM(R24:T28) -> 0
B30: 가 족 사 항 | E30: 성 명 | H30: 관 계 | J30: 생년월일 | M30: 직 업 | P30: 학력 | S30: 비고
E31: 김남규 | H31: 부
E32: 박정금 | H32: 모

Sheet 김숙희
B1: 직원 인사 기록 카드
B2: =TODAY() -> 46113
B3: 입 사 일 자 | E3: 41699 | L3: 퇴 사 일 자 | W3: 소속본부 및 팀 | AA3: 연구소 | AE3: 개발팀
B5: 이 름 | E5: 김 숙 희 | L5: 종 교 | R5: 사 진
B6: 생 년 월 일 | E6: 32385 | L6: 나 이 | N6: =DATEDIF(E6,TODAY(),"y") -> 37
B7: 주민등록번호 | E7: 880830-2055025 | L7: 근속연수 | N7: =(B2-E3)/365 -> 12.093151
B8: 현 주 소 | E8: 서울 송파구 오륜동 | L8: 올림픽선수촌아파트 303-2104
B9: 거 주 지 | E9: 상 동
B10: 전 화 번 호 | E10: 010-9093-6829 | M10: 결혼유무
B11: 자 격 사 항 | E11: 종 류 | J11: 취 득 일 | O11: 특 기
E12: 컴퓨터활용능력2급 | J12: 2011.07.29
E13: MOSmaster 2007 | J13: 2010.07.17
E14: 한자자격검정 2급 | J14: 2011.03.24
B15: 병 력 사 항
E16: 기 간 | N16: 최종 계급
E17: 군 별 | N17: 병 과
B18: 학 력 | E18: 기 간 | I18: 학교 및 전공 | N18: 졸업년월 | Q18: 최종학력
E19: 2004.03~2007.02 | I19: 창덕여자고등학교 이과 | N19: 39141 | Q19: 학사
E20: 2007.03~2012.02 | I20: 서울여자대학교 | K20: 수학과 | N20: 40967
B23: 경 력 | E23: 재 직 기 간 | K23: 근 무 부 서 | N23: 직 장 명 | P23: 직 위 | R23: 근 무 년 수
R24: =(H24-E24)/365 -> 0
R25: =(H25-E25)/365 -> 0
P29: 경력합계 | R29: =SUM(R24:T28) -> 0
B30: 가 족 사 항 | E30: 성 명 | H30: 관 계 | J30: 생년월일 | M30: 직 업 | P30: 학력 | S30: 비고
E31: 김홍기 | H31: 부 | J31: 1961
E32: 정정임 | H32: 모 | J32: 1964
E33: 김애란 | H33: 언니 | J33: 1986
E34: 김지연 | H34: 동생 | J34: 1991

Sheet 김소라
B1: 직원 인사 기록 카드
B2: =TODAY() -> 46113
B3: 입 사 일 자 | E3: 41722 | L3: 퇴 사 일 자 | W3: 소속본부 및 팀 | AA3: 연구소 | AE3: 개발팀
B5: 이 름 | E5: 김소라 | L5: 종 교 | R5: 사 진
B6: 생 년 월 일 | E6: 32093 | L6: 나 이 | N6: =DATEDIF(E6,TODAY(),"y") -> 38
B7: 주민등록번호 | E7: 871113-2320914 | L7: 근속연수 | N7: =(B2-E3)/365 -> 12.030137
B8: 현 주 소 | E8: 서울시 중랑구 | L8: 면목동 31-32 301호
B9: 거 주 지 | E9: 서울시 중랑구 면목동 31-32 301호
B10: 전 화 번 호 | E10: 010-4455-7159 | M10: 결혼유무
B11: 자 격 사 항 | E11: 종 류 | J11: 취 득 일 | O11: 특 기
E12: MOS Master 2003 | J12: 39904
E13: 사무자동화산업기사 | J13: 40695
E14: 전자출판기능사 | J14: 41061
B15: 병 력 사 항
E16: 기 간 | N16: 최종 계급
E17: 군 별 | N17: 병 과
B18: 학 력 | E18: 기 간 | I18: 학교 및 전공 | N18: 졸업년월 | Q18: 최종학력
I19: 홍천여자고등학교 | N19: 38776 | Q19: 학사
I20: 강원대학교 | K20: 생명공학과 | N20: 40237
B23: 경 력 | E23: 재 직 기 간 | K23: 근 무 부 서 | N23: 직 장 명 | P23: 직 위 | R23: 근 무 년 수
E24: 41122 | H24: 41698 | K24: 디자인팀 | N24: 세광음악출판사 | R24: =(H24-E24)/365 -> 1.5780822
R25: =(H25-E25)/365 -> 0
R26: =(H26-E26)/365 -> 0
R27: =(H27-E27)/365 -> 0
R28: =(H28-E28)/365 -> 0
R29: =(H29-E29)/365 -> 0 | U29: =R24+R25+R26+R27+R28+R29 -> 1.5780822
B30: 가 족 사 항 | E30: 성 명 | H30: 관 계 | J30: 생년월일 | M30: 직 업 | P30: 학력 | S30: 비고
E31: 문영진 | H31: 배우자 | J31: 30326 | S31: 010-2072-3703
E32: 문동욱 | H32: 자녀 | J32: 43108

Sheet 오우림
B1: 직원 인사 기록 카드
B2: =TODAY() -> 46113
B3: 입 사 일 자 | E3: 42309 | L3: 퇴 사 일 자 | W3: 소속본부 및 팀 | AA3: 학원사업본부 | AE3: 가맹영업팀
B5: 이 름 | E5: 오 우 림 | L5: 종 교 | R5: 사 진
B6: 생 년 월 일 | E6: 32681 | L6: 나 이 | N6: =DATEDIF(E6,TODAY(),"y") -> 36
B7: 주민등록번호 | E7: 890622-1243412 | L7: 근속연수 | N7: =(B2-E3)/365 -> 10.421918
B8: 현 주 소 | E8: 경기도 수원시 팔당구 | L8: 고등로 15 143동 1607호
B9: 거 주 지 | E9: 경기도 수원시 팔당구 고등로 15 143동 1607호
B10: 전 화 번 호 | E10: 010-9504-6676 | M10: 결혼유무
B11: 자 격 사 항 | E11: 종 류 | J11: 취 득 일 | O11: 특 기
B15: 병 력 사 항
E16: 기 간 | G16: 2010년4월~2012년1월 | N16: 최종 계급 | Q16: 병장
E17: 군 별 | N17: 병 과
B18: 학 력 | E18: 기 간 | I18: 학교 및 전공 | N18: 졸업년월 | Q18: 최종학력
E19: 39506 | I19: 조종고등학교 | N19: 39506 | Q19: 대졸
E20: 2008-03~2014-02 | I20: 건국대학교 | K20: 생명공학 | N20: 41698
B23: 경 력 | E23: 재 직 기 간 | K23: 근 무 부 서 | N23: 직 장 명 | P23: 직 위 | R23: 근 무 년 수
P29: 경력합계 | R29: =SUM(R24:T28) -> 0
B30: 가 족 사 항 | E30: 성 명 | H30: 관 계 | J30: 생년월일 | M30: 직 업 | P30: 학력 | S30: 비고
E31: 오성환 | H31: 부
E32: 최영해 | H32: 모
E33: 조성아 | H33: 배우자
E34: 오지은 | H34: 자녀
E35: 오윤재 | H35: 자녀

Sheet 박미영
B1: 직원 인사 기록 카드
B2: =TODAY() -> 46113
B3: 입 사 일 자 | E3: 42814 | L3: 퇴 사 일 자 | W3: 소속본부 및 팀 | AA3: 연구소 | AE3: IT디자인팀
B5: 이 름 | E5: 박 미 영 | L5: 종 교 | R5: 사 진
B6: 생 년 월 일 | E6: 27098 | L6: 나 이 | N6: =DATEDIF(E6,TODAY(),"y") -> 52
B7: 주민등록번호 | E7: 740310-2144119 | L7: 근속연수 | N7: =(B2-E3)/365 -> 9.0383562
B8: 현 주 소 | E8: 서울특별시 송파구 | L8: 문정동 652-4 810호
B9: 거 주 지 | E9: 서울특별시 송파구 문정동 652-4 810호
B10: 전 화 번 호 | E10: 010-5161-2536 | M10: 결혼유무
B11: 자 격 사 항 | E11: 종 류 | J11: 취 득 일 | O11: 특 기
B15: 병 력 사 항
E16: 기 간 | N16: 최종 계급
E17: 군 별 | N17: 병 과
B18: 학 력 | E18: 기 간 | I18: 학교 및 전공 | N18: 졸업년월 | Q18: 최종학력
Q19: 대졸
E20: 1998-03~2000-02 | I20: 인천대학교 | K20: 영어과 | N20: 36557
B23: 경 력 | E23: 재 직 기 간 | K23: 근 무 부 서 | N23: 직 장 명 | P23: 직 위 | R23: 근 무 년 수
N24: 푸른날개(단행본)
N25: ㈜삼성비엔씨
N26: ㈜기호일보
P29: 경력합계 | R29: 10
B30: 가 족 사 항 | E30: 성 명 | H30: 관 계 | J30: 생년월일 | M30: 직 업 | P30: 학력 | S30: 비고
E31: 신영희 | H31: 모 | J31: 16736

Sheet 이동희
B1: 직원 인사 기록 카드
B2: =TODAY() -> 46113
B3: 입 사 일 자 | E3: 42917 | L3: 퇴 사 일 자 | W3: 소속본부 및 팀 | AA3: 연구소 | AE3: IT디자인팀
B5: 이 름 | E5: 이 동 희 | L5: 종 교 | R5: 사 진
B6: 생 년 월 일 | E6: 33525 | L6: 나 이 | N6: =DATEDIF(E6,TODAY(),"y") -> 34
B7: 주민등록번호 | E7: 911014-2013317 | L7: 근속연수 | N7: =(B2-E3)/365 -> 8.7561644
B8: 현 주 소 | E8: 서울시 도봉구 | K8: 시루봉로25길 30(도봉동)
B9: 거 주 지 | E9: 서울특별시 도봉구 시루봉로25길 30 (도봉동)
B10: 전 화 번 호 | E10: 010-2589-9400 | M10: 결혼유무
B11: 자 격 사 항 | E11: 종 류 | J11: 취 득 일 | O11: 특 기
B15: 병 력 사 항
E16: 기 간 | N16: 최종 계급
E17: 군 별 | N17: 병 과
B18: 학 력 | E18: 기 간 | I18: 학교 및 전공 | N18: 졸업년월 | Q18: 최종학력
E19: 2012-03~2017-02 | I19: 동덕여대 | L19: 국문학 | N19: 2017.02 | Q19: 대졸
E20: 2007-03~2010-02 | I20: 도봉고등학교 | L20: 인문 | N20: 2010.02
B23: 경 력 | E23: 재 직 기 간 | K23: 근 무 부 서 | N23: 직 장 명 | P23: 직 위 | R23: 근 무 년 수
E24: 40969 | H24: 41698 | K24: 영화제홍보 | N24: 교외동아리 | R24: =(H24-E24)/365 -> 1.9972603
E25: 41001 | H25: 41698 | K25: 영화제 홍보 | N25: 교내동아리 | R25: =(H25-E25)/365 -> 1.909589
E26: 41334 | H26: 41698 | K26: 밴드공연홍보 | N26: 교내동아리 | R26: =(H26-E26)/365 -> 0.99726027
E27: 42065 | H27: 42185 | K27: 마케팅 | N27: 청춘자생캠페인 | R27: =(H27-E27)/365 -> 0.32876712
E28: 42278 | H28: 42460 | K28: 아르바이트 | R28: =(H28-E28)/365 -> 0.49863014
E29: 42705 | H29: 42794 | K29: 빅데이터 소셜마케팅 양성과정 | R29: =(H29-E29)/365 -> 0.24383562
P30: 경력합계 | R30: =SUM(R24:T29) -> 5.9753425
B31: 가 족 사 항 | E31: 성 명 | H31: 관 계 | J31: 생년월일 | M31: 직 업 | P31: 학력 | S31: 비고
E32: 이길수 | H32: 부 | J32: 22077
E33: 이찬희 | H33: 모 | J33: 22635
E34: 이동현 | H34: 형제 | J34: 32408

Sheet 최준석
B1: 직원 인사 기록 카드
B2: =TODAY() -> 46113
B3: 입 사 일 자 | E3: 43031 | L3: 퇴 사 일 자 | W3: 소속본부 및 팀 | AA3: 경영총괄실 | AE3: 물류팀
B5: 이 름 | E5: 최 준 석 | L5: 종 교 | R5: 사 진
B6: 생 년 월 일 | E6: 30346 | L6: 나 이 | N6: =DATEDIF(E6,TODAY(),"y") -> 43
B7: 주민등록번호 | E7: 830130-1178327 | L7: 근속연수 | N7: =(B2-E3)/365 -> 8.4438356
B8: 현 주 소 | E8: 경기도 김포시 | K8: 봉화로59-17 농장마을 신안아파트 105-702
B9: 거 주 지 | E9: 경기도 김포시 봉화로59-17 농장마을 신안아파트 105-702
B10: 전 화 번 호 | E10: 010-7189-0243 | M10: 결혼유무
B11: 자 격 사 항 | E11: 종 류 | J11: 취 득 일 | O11: 특 기
E12: 건설기계조종사면허 | J12: 42734
B15: 병 력 사 항
E16: 기 간 | G16: 2003-2005 | N16: 최종 계급 | Q16: 병장
E17: 군 별 | G17: 육군 | N17: 병 과
B18: 학 력 | E18: 기 간 | I18: 학교 및 전공 | N18: 졸업년월 | Q18: 최종학력
E19: 2001-03~2003-02 | I19: 동국대 전산원 | L19: 인터넷정보 | N19: 2003.02 | Q19: 초대졸
B23: 경 력 | E23: 재 직 기 간 | K23: 근 무 부 서 | N23: 직 장 명 | P23: 직 위 | R23: 근 무 년 수
E24: 39601 | H24: 43021 | K24: 물류팀 | N24: 날개물류 | R24: =(H24-E24)/365 -> 9.369863
R25: =(H25-E25)/365 -> 0
R26: =(H26-E26)/365 -> 0
P29: 경력합계 | R29: =SUM(R24:T28) -> 9.369863
B30: 가 족 사 항 | E30: 성 명 | H30: 관 계 | J30: 생년월일 | M30: 직 업 | P30: 학력 | S30: 비고
E31: 최대우 | H31: 부 | J31: 18973
E32: 이현주 | H32: 모 | J32: 19933
E33: 김희연 | H33: 배우자 | J33: 30343

Sheet 허철우
B1: 직원 인사 기록 카드
B2: =TODAY() -> 46113
B3: 입 사 일 자 | E3: 43087 | L3: 퇴 사 일 자 | W3: 소속본부 및 팀 | AA3: 연구소 | AE3: IT디자인팀
B5: 이 름 | E5: 허철우 | L5: 종 교 | R5: 사 진
B6: 생 년 월 일 | E6: 33183 | L6: 나 이 | N6: =DATEDIF(E6,TODAY(),"y") -> 35
B7: 주민등록번호 | E7: 901106-1169514 | L7: 근속연수 | N7: =(B2-E3)/365 -> 8.290411
B8: 현 주 소 | E8: 경기도 성남시 | K8: 중원구 금광동 3351번지 4층
B9: 거 주 지 | E9: 경기도 성남시 중원구 금광동 3351번지 4층
B10: 전 화 번 호 | E10: 010-5749-1511 | M10: 결혼유무
B11: 자 격 사 항 | E11: 종 류 | J11: 취 득 일 | O11: 특 기
B15: 병 력 사 항
E16: 기 간 | N16: 최종 계급
E17: 군 별 | N17: 병 과
B18: 학 력 | E18: 기 간 | I18: 학교 및 전공 | N18: 졸업년월 | Q18: 최종학력
E19: 42419 | I19: 한국교통대학교 | L19: 전자공학과 | N19: 2016.02 | Q19: 대졸
I20: 성남서고등학교
B23: 경 력 | E23: 재 직 기 간 | K23: 근 무 부 서 | N23: 직 장 명 | P23: 직 위 | R23: 근 무 년 수
E24: 42401 | H24: 43009 | K24: 조판 | N24: 올댓에디팅 | P24: 사원 | R24: =(H24-E24)/365 -> 1.6657534
E25: 43009 | H25: 43070 | K25: 포토샵 | N25: 메이크원 | P25: 사원 | R25: =(H25-E25)/365 -> 0.16712329
R26: =(H26-E26)/365 -> 0
P29: 경력합계 | R29: =SUM(R24:T28) -> 1.8328767
B30: 가 족 사 항 | E30: 성 명 | H30: 관 계 | J30: 생년월일 | M30: 직 업 | P30: 학력 | S30: 비고
E31: 허용회 | H31: 부 | J31: 22133
E32: 김형숙 | H32: 모 | J32: 23226
E33: 허자람 | H33: 형제 | J33: 32466

Sheet 장호경
B1: 직원 인사 기록 카드
B2: =TODAY() -> 46113
B3: 입 사 일 자 | E3: 43535 | L3: 퇴 사 일 자 | W3: 소속본부 및 팀 | AA3: 연구소 | AE3: 스마트학습팀
B5: 이 름 | E5: 장호경 | L5: 종 교 | R5: 사 진
B6: 생 년 월 일 | E6: 32641 | L6: 나 이 | N6: =DATEDIF(E6,TODAY(),"y") -> 36
B7: 주민등록번호 | E7: 890513-1018825 | L7: 근속연수 | N7: =(B2-E3)/365 -> 7.0630137
B8: 현 주 소 | E8: 인천광역시 서구 | K8: 승학로 495번길 7 101-1803호
B9: 거 주 지 | E9: 서울 은평구 통이로71가길 10-11 202호
B10: 전 화 번 호 | E10: 010-2620-5532 | M10: 결혼유무
B11: 자 격 사 항 | E11: 종 류 | J11: 취 득 일 | O11: 특 기
B15: 병 력 사 항
E16: 기 간 | N16: 최종 계급
E17: 군 별 | N17: 병 과
B18: 학 력 | E18: 기 간 | I18: 학교 및 전공 | N18: 졸업년월 | Q18: 최종학력
E19: 2008.03~2015.02 | I19: 국민대학교 | L19: 수학과 | N19: 2015.02 | Q19: 석사
E20: 2015.03~2017.08 | I20: 성균관대학교 대학원 | L20: 수학교육 | N20: 2017.08
B23: 경 력 | E23: 재 직 기 간 | K23: 근 무 부 서 | N23: 직 장 명 | P23: 직 위 | R23: 근 무 년 수
E24: 42186 | H24: 42401 | K24: 수학부 | N24: 정스터디학원 | R24: =(H24-E24)/365 -> 0.5890411
R25: =(H25-E25)/365 -> 0
R26: =(H26-E26)/365 -> 0
P29: 경력합계 | R29: =SUM(R24:T28) -> 0.5890411
B30: 가 족 사 항 | E30: 성 명 | H30: 관 계 | J30: 생년월일 | M30: 직 업 | P30: 학력 | S30: 비고
E31: 장석기 | H31: 부 | J31: 21287
E32: 박오순 | H32: 모 | J32: 23116
E33: 고설아 | H33: 배우자 | J33: 33560

Sheet 김현종
B1: 직원 인사 기록 카드
B2: =TODAY() -> 46113
B3: 입 사 일 자 | E3: 43983 | L3: 퇴 사 일 자 | W3: 소속본부 및 팀 | AA3: 연구소 | AE3: IT디자인팀
B5: 이 름 | E5: 김현종 | L5: 종 교 | R5: 사 진
B6: 생 년 월 일 | E6: 33519 | L6: 나 이 | N6: =DATEDIF(E6,TODAY(),"y") -> 34
B7: 주민등록번호 | E7: 911008-1046610 | L7: 근속연수 | N7: =(B2-E3)/365 -> 5.8356164
B8: 현 주 소 | E8: 서울특별시 마포구 | K8: 만리재로6길 3-24
B9: 거 주 지 | E9: 서울특별시 마포구 만리재로6길 3-24
B10: 전 화 번 호 | E10: 010-4550-4839 | M10: 결혼유무
B11: 자 격 사 항 | E11: 종 류 | J11: 취 득 일 | O11: 특 기
B15: 병 력 사 항
E16: 기 간 | G16: 2011.04.25~2013.04.24 | N16: 최종 계급 | Q16: 병장
E17: 군 별 | G17: 공군 | N17: 병 과 | Q17: 40110
B18: 학 력 | E18: 기 간 | I18: 학교 및 전공 | N18: 졸업년월 | Q18: 최종학력
E19: 2010.03~2018.02 | I19: 카톨릭대학교 | L19: 정보통신전자공학 | N19: 2018.02 | Q19: 대졸
E20: 2007.03~2010.02 | I20: 배문고등학교
B23: 경 력 | E23: 재 직 기 간 | K23: 근 무 부 서 | N23: 직 장 명 | P23: 직 위 | R23: 근 무 년 수
R24: =(H24-E24)/365 -> 0
R25: =(H25-E25)/365 -> 0
R26: =(H26-E26)/365 -> 0
P29: 경력합계 | R29: =SUM(R24:T28) -> 0
B30: 가 족 사 항 | E30: 성 명 | H30: 관 계 | J30: 생년월일 | M30: 직 업 | P30: 학력 | S30: 비고

Sheet 구자홍
B1: 직원 인사 기록 카드
B2: =TODAY() -> 46113
B3: 입 사 일 자 | E3: 44536 | L3: 퇴 사 일 자 | W3: 소속본부 및 팀 | AA3: 연구소 | AE3: 스마트학습
B5: 이 름 | E5: 구자홍 | L5: 종 교 | R5: 사 진
B6: 생 년 월 일 | E6: 31836 | L6: 나 이 | N6: =DATEDIF(E6,TODAY(),"y") -> 39
B7: 주민등록번호 | E7: 870228-1082425 | L7: 근속연수 | N7: =(B2-E3)/365 -> 4.3205479
B8: 현 주 소 | E8: 서울특별시 강동구 | K8: 아리수로93가길 110, 403-1401호
B9: 거 주 지 | E9: 서울특별시 강동구 아리수로93가길 110, 403-1401호
B10: 전 화 번 호 | E10: 010-7274-9932 | M10: 결혼유무
B11: 자 격 사 항 | E11: 종 류 | J11: 취 득 일 | O11: 특 기
B15: 병 력 사 항
E16: 기 간 | N16: 최종 계급
E17: 군 별 | N17: 병 과
B18: 학 력 | E18: 기 간 | I18: 학교 및 전공 | N18: 졸업년월 | Q18: 최종학력
E19: 2015.03~2017.02 | I19: 성균관대학교 | L19: 수학교육 | N19: 2017.07 | Q19: 석사
I20: 수원대학교 | L20: 수학과
B23: 경 력 | E23: 재 직 기 간 | K23: 근 무 부 서 | N23: 직 장 명 | P23: 직 위 | R23: 근 무 년 수
E24: 43770 | H24: 44531 | K24: 콘텐츠개발 | N24: 비트루브 | P24: 대리 | R24: =(H24-E24)/365 -> 2.0849315
E25: 42705 | H25: 43777 | K25: 강사 | N25: 페르마 | R25: =(H25-E25)/365 -> 2.9369863
R26: =(H26-E26)/365 -> 0
P29: 경력합계 | R29: =SUM(R24:T28) -> 5.0219178
B30: 가 족 사 항 | E30: 성 명 | H30: 관 계 | J30: 생년월일 | M30: 직 업 | P30: 학력 | S30: 비고
E31: 유예지 | H31: 배우자 | J31: 33540

Sheet 지성구
B1: 직원 인사 기록 카드
B2: =TODAY() -> 46113
B3: 입 사 일 자 | E3: 44781 | L3: 퇴 사 일 자 | W3: 소속본부 및 팀 | AA3: 경영총괄실 | AE3: 물류팀
B5: 이 름 | E5: 지성구 | L5: 종 교 | R5: 사 진
B6: 생 년 월 일 | E6: 28354 | L6: 나 이 | N6: =DATEDIF(E6,TODAY(),"y") -> 48
B7: 주민등록번호 | E7: 770817-1079521 | L7: 근속연수 | N7: =(B2-E3)/365 -> 3.6493151
B8: 현 주 소 | E8: 경기도 고양시 일산동구 | K8: 월드고양로 19, 205-4202호
B9: 거 주 지 | E9: 경기도 고양시 일산동구 월드고양로 19, 205-4202호
B10: 전 화 번 호 | E10: 010-6613-3079 | M10: 결혼유무
B11: 자 격 사 항 | E11: 종 류 | J11: 취 득 일 | O11: 특 기
E12: 건설기계조종사 | J12: 2022.7.12
B15: 병 력 사 항
E16: 기 간 | N16: 최종 계급
E17: 군 별 | N17: 병 과
B18: 학 력 | E18: 기 간 | I18: 학교 및 전공 | N18: 졸업년월 | Q18: 최종학력
E19: 1997.03~2003.02 | I19: 가천대학교 | L19: 체육전문학 | N19: 2003.02 | Q19: 대졸
B23: 경 력 | E23: 재 직 기 간 | K23: 근 무 부 서 | N23: 직 장 명 | P23: 직 위 | R23: 근 무 년 수
E24: 39508 | H24: 44682 | K24: 물류 | N24: 팬시로비 | P24: 부장 | R24: =(H24-E24)/365 -> 14.175342
E25: 39083 | H25: 39479 | K25: 물류 | N25: 헤이런제이 | P25: 주임 | R25: =(H25-E25)/365 -> 1.0849315
E26: 38353 | H26: 38838 | K26: 무역부 | N26: 카피어랜드 | P26: 주임 | R26: =(H26-E26)/365 -> 1.3287671
P29: 경력합계 | R29: =SUM(R24:T28) -> 16.589041
B30: 가 족 사 항 | E30: 성 명 | H30: 관 계 | J30: 생년월일 | M30: 직 업 | P30: 학력 | S30: 비고
E31: 최은주 | H31: 배우자 | J31: 28540
E32: 지서진 | H32: 자녀 | J32: 39474
E33: 지예진 | H33: 자녀 | J33: 40645

Sheet 손주호
B1: 직원 인사 기록 카드
B2: =TODAY() -> 46113
B3: 입 사 일 자 | E3: 44984 | L3: 퇴 사 일 자 | W3: 소속본부 및 팀 | AA3: 학원사업본부 | AE3: 가맹사업팀
B5: 이 름 | E5: 손주호 | L5: 종 교 | R5: 사 진
B6: 생 년 월 일 | E6: 32585 | L6: 나 이 | N6: =DATEDIF(E6,TODAY(),"y") -> 37
B7: 주민등록번호 | E7: 890318-1852922 | L7: 근속연수 | N7: =(B2-E3)/365 -> 3.0931507
B8: 현 주 소 | E8: 서울시 동작구 | K8: 여의대방로 24라길 7 401호
B9: 거 주 지 | E9: 서울 동작구 여의대방로 24라길 7 401호
B10: 전 화 번 호 | E10: 010-3793-0468 | M10: 결혼유무
B11: 자 격 사 항 | E11: 종 류 | J11: 취 득 일 | O11: 특 기
B15: 병 력 사 항
E16: 기 간 | N16: 최종 계급
E17: 군 별 | N17: 병 과
B18: 학 력 | E18: 기 간 | I18: 학교 및 전공 | N18: 졸업년월 | Q18: 최종학력
E19: 2008-03 ~ 2016-02 | I19: 대구대학교 | L19: 생명공학과 | N19: 2016.02 | Q19: 대졸
B23: 경 력 | E23: 재 직 기 간 | K23: 근 무 부 서 | N23: 직 장 명 | P23: 직 위 | R23: 근 무 년 수
E24: 43339 | H24: 44925 | K24: 부산사하 본원 | N24: CMS | P24: 대리 | R24: =(H24-E24)/365 -> 4.3452055
R25: =(H25-E25)/365 -> 0
R26: =(H26-E26)/365 -> 0
P29: 경력합계 | R29: =SUM(R24:T28) -> 4.3452055
B30: 가 족 사 항 | E30: 성 명 | H30: 관 계 | J30: 생년월일 | M30: 직 업 | P30: 학력 | S30: 비고
E31: 차본안 | H31: 모 | S31: 010-3687-5699

Sheet 김연경
B1: 직원 인사 기록 카드
B2: =TODAY() -> 46113
B3: 입 사 일 자 | E3: 44984 | L3: 퇴 사 일 자 | W3: 소속본부 및 팀 | AA3: 연구소 | AE3: IT디자인팀
B5: 이 름 | E5: 김연경 | L5: 종 교 | R5: 사 진
B6: 생 년 월 일 | E6: 35319 | L6: 나 이 | N6: =DATEDIF(E6,TODAY(),"y") -> 29
B7: 주민등록번호 | E7: 960911-2078812 | L7: 근속연수 | N7: =(B2-E3)/365 -> 3.0931507
B8: 현 주 소 | E8: 경기도 하남시 | K8: 감일로 86 103동 2004호
B9: 거 주 지 | E9: 경기도 하남시 감일로 86 103동 2004호
B10: 전 화 번 호 | E10: 010-8612-9596 | M10: 결혼유무
B11: 자 격 사 항 | E11: 종 류 | J11: 취 득 일 | O11: 특 기
E12: 컴퓨터활용능력 2급 | J12: 44666
E13: SNS마케팅전문가 1급 | J13: 44627
E14: 중등학교정교사(중국어) 2급 | J14: 43699
E15: 독서지도사 2급 | J15: 43677
E16: 한국사능력검정시험 3급 | J16: 43777
B17: 병 력 사 항
E18: 기 간 | N18: 최종 계급
E19: 군 별 | N19: 병 과
B20: 학 력 | E20: 기 간 | I20: 학교 및 전공 | N20: 졸업년월 | Q20: 최종학력
E21: 2016-03 ~ 2019-08 | I21: 배재대학교 | L21: 중국학과 | N21: 2016.02 | Q21: 대졸
B25: 경 력 | E25: 재 직 기 간 | K25: 근 무 부 서 | N25: 직 장 명 | P25: 직 위 | R25: 근 무 년 수
E26: 44707 | H26: 44799 | K26: BM | N26: 스포메틱스 | R26: =(H26-E26)/365 -> 0.25205479
E27: 44445 | H27: 44620 | K27: 마케팅/학습관리/원생관리 | N27: EIE고려대어학원 | R27: =(H27-E27)/365 -> 0.47945205
E28: 44428 | H28: 44620 | K28: 중국어강사 | N28: 행당중학교 | R28: =(H28-E28)/365 -> 0.5260274
P31: 경력합계 | R31: =SUM(R26:T30) -> 1.2575342
B32: 가 족 사 항 | E32: 성 명 | H32: 관 계 | J32: 생년월일 | M32: 직 업 | P32: 학력 | S32: 비고
E33: 김문수 | H33: 부 | J33: 23002 | S33: 010-9031-0167
E34: 탁현호 | H34: 모 | J34: 26263
E35: 김연진 | H35: 형제 | J35: 34948
E36: 김사론 | H36: 형제 | J36: 39494

Sheet 한정규
B1: 직원 인사 기록 카드
B2: =TODAY() -> 46113
B3: 입 사 일 자 | E3: 45170 | L3: 퇴 사 일 자 | W3: 소속본부 및 팀 | AA3: 신사업본부
B5: 이 름 | E5: 한정규 | L5: 종 교 | R5: 사 진
B6: 생 년 월 일 | E6: 33974 | L6: 나 이 | N6: =DATEDIF(E6,TODAY(),"y") -> 33
B7: 주민등록번호 | E7: 930105-1690925 | L7: 근속연수 | N7: =(B2-E3)/365 -> 2.5835616
B8: 현 주 소 | E8: 서울시 용산구 | K8: 백범로90길 26, 102동 2403호
B9: 거 주 지 | E9: 서울 용산구 백범로90길 26, 102동 2403호
B10: 전 화 번 호 | E10: 010-6474-8886 | M10: 결혼유무
B11: 자 격 사 항 | E11: 종 류 | J11: 취 득 일 | O11: 특 기
B15: 병 력 사 항
E16: 기 간 | N16: 최종 계급
E17: 군 별 | N17: 병 과
B18: 학 력 | E18: 기 간 | I18: 학교 및 전공 | N18: 졸업년월 | Q18: 최종학력
B23: 경 력 | E23: 재 직 기 간 | K23: 근 무 부 서 | N23: 직 장 명 | P23: 직 위 | R23: 근 무 년 수
R24: =(H24-E24)/365 -> 0
R25: =(H25-E25)/365 -> 0
R26: =(H26-E26)/365 -> 0
P29: 경력합계 | R29: =SUM(R24:T28) -> 0
B30: 가 족 사 항 | E30: 성 명 | H30: 관 계 | J30: 생년월일 | M30: 직 업 | P30: 학력 | S30: 비고

Sheet 최정우
B1: 직원 인사 기록 카드
B2: =TODAY() -> 46113
B3: 입 사 일 자 | E3: 45593 | L3: 퇴 사 일 자 | W3: 소속본부 및 팀 | AA3: 경영총괄실 | AE3: 경영지원팀
B5: 이 름 | E5: 최정우 | L5: 종 교 | R5: 사 진
B6: 생 년 월 일 | E6: 34694 | L6: 나 이 | N6: =DATEDIF(E6,TODAY(),"y") -> 31
B7: 주민등록번호 | E7: 941226-1070727 | L7: 근속연수 | N7: =(B2-E3)/365 -> 1.4246575
B8: 현 주 소 | E8: 경기도 광명시 | K8: 시청로 50 111동 602호
B9: 거 주 지 | E9: 경기도 광명시 시청로 50 111동 602호
B10: 전 화 번 호 | E10: 010-3046-4085 | M10: 결혼유무
B11: 자 격 사 항 | E11: 종 류 | J11: 취 득 일 | O11: 특 기
E12: 컴퓨터활용능력1급 | J12: 2020.11
E13: 사회조사분석사2급 | J13: 2019.11
B15: 병 력 사 항
E16: 기 간 | G16: 2018.09~2020.07 | N16: 최종 계급 | Q16: 병장
E17: 군 별 | G17: 공군 | N17: 병 과
B18: 학 력 | E18: 기 간 | I18: 학교 및 전공 | N18: 졸업년월 | Q18: 최종학력
E19: 2015.03~2021.02 | I19: 카톨릭대학교 | L19: 국어국문 | N19: 2021.02 | Q19: 대졸
E20: 2013 졸업 | I20: 광명북고등학교 | L20: 문과 | N20: 2013.02
B23: 경 력 | E23: 재 직 기 간 | K23: 근 무 부 서 | N23: 직 장 명 | P23: 직 위 | R23: 근 무 년 수
E24: 44501 | H24: 44620 | K24: 방사보건원 | N24: 한수원 | P24: 인턴 | R24: =(H24-E24)/365 -> 0.3260274
E25: 44287 | H25: 44500 | K25: 인재개발원 | N25: 한수원 | P25: 인턴 | R25: =(H25-E25)/365 -> 0.58356164
R26: =(H26-E26)/365 -> 0
P29: 경력합계 | R29: =SUM(R24:T28) -> 0.90958904
B30: 가 족 사 항 | E30: 성 명 | H30: 관 계 | J30: 생년월일 | M30: 직 업 | P30: 학력 | S30: 비고
E31: 최을식 | H31: 부 | J31: 23668
E32: 정미금 | H32: 모 | J32: 24911
E33: 최정윤 | H33: 형제 | J33: 36074

Sheet 이준호
B1: 직원 인사 기록 카드
B2: =TODAY() -> 46113
B3: 입 사 일 자 | E3: 45659 | L3: 퇴 사 일 자 | W3: 소속본부 및 팀 | AA3: 경영총괄실
B5: 이 름 | E5: 이준호 | L5: 종 교 | R5: 사 진
B6: 생 년 월 일 | E6: 33615 | L6: 나 이 | N6: =DATEDIF(E6,TODAY(),"y") -> 34
B7: 주민등록번호 | E7: 920112-1030511 | L7: 근속연수 | N7: =(B2-E3)/365 -> 1.2438356
B8: 현 주 소 | E8: 서울시 중랑구 | K8: 면목동 79길 8-21
B9: 거 주 지 | E9: 서울시 중랑구 면목동 79길 8-21
B10: 전 화 번 호 | E10: 010-7273-1393 | M10: 결혼유무
B11: 자 격 사 항 | E11: 종 류 | J11: 취 득 일 | O11: 특 기
B15: 병 력 사 항
E16: 기 간 | N16: 최종 계급
E17: 군 별 | N17: 병 과
B18: 학 력 | E18: 기 간 | I18: 학교 및 전공 | N18: 졸업년월 | Q18: 최종학력
E19: 2009 ~2011 | I19: Northwest Missouri State University | L19: Mathmatics & science | N19: 2011 | Q19: 대졸
E20: 2011-2015 | I20: Boston University | L20: chemistry | N20: 2015
B23: 경 력 | E23: 재 직 기 간 | K23: 근 무 부 서 | N23: 직 장 명 | P23: 직 위 | R23: 근 무 년 수
E24: 42628 | H24: 42845 | K24: 자영업 | N24: 비슈어보컬리스트 | R24: =(H24-E24)/365 -> 0.59452055
E25: 42845 | H25: 43130 | K25: 자영업 | N25: 브이알웨이 | R25: =(H25-E25)/365 -> 0.78082192
R26: =(H26-E26)/365 -> 0
P29: 경력합계 | R29: =SUM(R24:T28) -> 1.3753425
B30: 가 족 사 항 | E30: 성 명 | H30: 관 계 | J30: 생년월일 | M30: 직 업 | P30: 학력 | S30: 비고

Sheet 이영주
B1: 직원 인사 기록 카드
B2: =TODAY() -> 46113
B3: 입 사 일 자 | E3: 45689 | L3: 퇴 사 일 자 | W3: 소속본부 및 팀 | AA3: 연구소 | AE3: 개발팀
B5: 이 름 | E5: 이영주 | L5: 종 교 | R5: 사 진
B6: 생 년 월 일 | E6: 36961 | L6: 나 이 | N6: =DATEDIF(E6,TODAY(),"y") -> 25
B7: 주민등록번호 | E7: 010311-4382111 | L7: 근속연수 | N7: =(B2-E3)/365 -> 1.1616438
B8: 현 주 소 | E8: 서울시 강북구 | K8: 덕릉로 111 9층 904호
B9: 거 주 지 | E9: 서울시 강북구 덕릉로 111 9층 904호
B10: 전 화 번 호 | E10: 010-4515-4384 | M10: 결혼유무
B11: 자 격 사 항 | E11: 종 류 | J11: 취 득 일 | O11: 특 기
E12: 정보처리기사 | J12: 2023.11
E13: 컴퓨터활용능력 1급 | J13: 2022.02
B15: 병 력 사 항
E16: 기 간 | N16: 최종 계급
E17: 군 별 | N17: 병 과
B18: 학 력 | E18: 기 간 | I18: 학교 및 전공 | N18: 졸업년월 | Q18: 최종학력
E19: 2020.03 ~ 2024.02 | I19: 서울여자대학교 | L19: 수학과 | N19: 2024.02 | Q19: 대졸
B23: 경 력 | E23: 재 직 기 간 | K23: 근 무 부 서 | N23: 직 장 명 | P23: 직 위 | R23: 근 무 년 수
R24: =(H24-E24)/365 -> 0
R25: =(H25-E25)/365 -> 0
R26: =(H26-E26)/365 -> 0
P29: 경력합계 | R29: =SUM(R24:T28) -> 0
B30: 가 족 사 항 | E30: 성 명 | H30: 관 계 | J30: 생년월일 | M30: 직 업 | P30: 학력 | S30: 비고

Sheet 진하람
B1: 직원 인사 기록 카드
B2: =TODAY() -> 46113
B3: 입 사 일 자 | E3: 45689 | L3: 퇴 사 일 자 | W3: 소속본부 및 팀 | AA3: 연구소 | AE3: 개발팀
B5: 이 름 | E5: 진하람 | L5: 종 교 | R5: 사 진
B6: 생 년 월 일 | E6: 34049 | L6: 나 이 | N6: =DATEDIF(E6,TODAY(),"y") -> 33
B7: 주민등록번호 | E7: 930321-1284118 | L7: 근속연수 | N7: =(B2-E3)/365 -> 1.1616438
B8: 현 주 소 | E8: 서울시 동대문구 | K8: 사가정로21가길 13-3
B9: 거 주 지 | E9: 서울시 동대문구 사가정로21가길 13-3
B10: 전 화 번 호 | E10: 010-7346-2392 | M10: 결혼유무
B11: 자 격 사 항 | E11: 종 류 | J11: 취 득 일 | O11: 특 기
B15: 병 력 사 항
E16: 기 간 | G16: 2014-05 ~ 2016-02 | N16: 최종 계급 | Q16: 병장
E17: 군 별 | G17: 육군 | N17: 병 과
B18: 학 력 | E18: 기 간 | I18: 학교 및 전공 | N18: 졸업년월 | Q18: 최종학력
E19: 2012.02~2019.02 | I19: 한양대학교 | L19: 수학과 | N19: 2019.02 | Q19: 대졸
B23: 경 력 | E23: 재 직 기 간 | K23: 근 무 부 서 | N23: 직 장 명 | P23: 직 위 | R23: 근 무 년 수
E24: 2023.06 | H24: 2024.05 | N24: (주)올마이티캠퍼스 | P24: 강사 | R24: =(H24-E24)/365 -> 0.0027123288
E25: 2022.01 | H25: 2023.05 | N25: 한수학학원 | P25: 강사 | R25: =(H25-E25)/365 -> 0.0028493151
E26: 2020.03 | H26: 2022.02 | N26: 김지현플러스수학학원 | P26: 강사 | R26: =(H26-E26)/365 -> 0.0054520548
P29: 경력합계 | R29: =SUM(R24:T28) -> 0.011013699
B30: 가 족 사 항 | E30: 성 명 | H30: 관 계 | J30: 생년월일 | M30: 직 업 | P30: 학력 | S30: 비고

Sheet 김태경
B1: 직원 인사 기록 카드
B2: =TODAY() -> 46113
B3: 입 사 일 자 | E3: 45748 | L3: 퇴 사 일 자 | W3: 소속본부 및 팀 | AA3: 경영총괄실 | AE3: 물류팀
B5: 이 름 | E5: 김태경 | L5: 종 교 | R5: 사 진
B6: 생 년 월 일 | E6: 22397 | L6: 나 이 | N6: =DATEDIF(E6,TODAY(),"y") -> 64
B7: 주민등록번호 | E7: 610426-1675423 | L7: 근속연수 | N7: =(B2-E3)/365 -> 1
B8: 현 주 소 | E8: 경기도 파주시 | K8: 용상골길 186-43
B9: 거 주 지 | E9: 상동
B10: 전 화 번 호 | E10: 010-4503-6632 | M10: 결혼유무
B11: 자 격 사 항 | E11: 종 류 | J11: 취 득 일 | O11: 특 기
B15: 병 력 사 항
E16: 기 간 | N16: 최종 계급
E17: 군 별 | N17: 병 과
B18: 학 력 | E18: 기 간 | I18: 학교 및 전공 | N18: 졸업년월 | Q18: 최종학력
B23: 경 력 | E23: 재 직 기 간 | K23: 근 무 부 서 | N23: 직 장 명 | P23: 직 위 | R23: 근 무 년 수
R24: =(H24-E24)/365 -> 0
R25: =(H25-E25)/365 -> 0
R26: =(H26-E26)/365 -> 0
P29: 경력합계 | R29: =SUM(R24:T28) -> 0
B30: 가 족 사 항 | E30: 성 명 | H30: 관 계 | J30: 생년월일 | M30: 직 업 | P30: 학력 | S30: 비고
E31: 김경애 | H31: 처 | J31: 24026

Sheet 황대위_퇴사
B1: 직원 인사 기록 카드
B2: =TODAY() -> 46113
B3: 입 사 일 자 | E3: 45717 | L3: 퇴 사 일 자 | O3: 45869 | W3: 소속본부 및 팀 | AA3: 출판사업본부
B5: 이 름 | E5: 황대위 | L5: 종 교 | R5: 사 진
B6: 생 년 월 일 | E6: 33716 | L6: 나 이 | N6: =DATEDIF(E6,TODAY(),"y") -> 33
B7: 주민등록번호 | E7: 920422-1011811 | L7: 근속연수 | N7: =(B2-E3)/365 -> 1.0849315
B8: 현 주 소 | E8: 서울시 중랑구 묵동 | K8: 묵동 188-1 장미아파트 3-307
B9: 거 주 지 | E9: 서울시 중랑구 묵동 188-1 장미아파트 3-307
B10: 전 화 번 호 | E10: 010-7132-3334 | M10: 결혼유무
B11: 자 격 사 항 | E11: 종 류 | J11: 취 득 일 | O11: 특 기
B15: 병 력 사 항
E16: 기 간 | G16: 면제 | N16: 최종 계급 | Q16: 면제
E17: 군 별 | N17: 병 과
B18: 학 력 | E18: 기 간 | I18: 학교 및 전공 | N18: 졸업년월 | Q18: 최종학력
E19: 2011.03 ~ 2015.02 | I19: 동서울대학 | L19: 정보통신 | N19: 2024.02 | Q19: 대졸
B23: 경 력 | E23: 재 직 기 간 | K23: 근 무 부 서 | N23: 직 장 명 | P23: 직 위 | R23: 근 무 년 수
E24: 2021.12 | H24: 2024.09 | K24: b2b영업 | N24: ㈜에브리플레이 | R24: =(H24-E24)/365 -> 0.0081369863
E25: 2020.07 | H25: 2021.1 | K25: 법인영업 | N25: ㈜에스티엠넷 | R25: =(H25-E25)/365 -> 0.0028219178
E26: 2018.08 | H26: 2019.02 | K26: 동부지점 | N26: ㈜골든블루 | R26: =(H26-E26)/365 -> 0.0025753425
E27: 2017.09 | H27: 2018.08 | K27: 유흥판촉 | N27: ㈜롯데아사히주류
P29: 경력합계 | R29: =SUM(R24:T28) -> 0.013534247
B30: 가 족 사 항 | E30: 성 명 | H30: 관 계 | J30: 생년월일 | M30: 직 업 | P30: 학력 | S30: 비고

Sheet 조성아_퇴사
B1: 직원 인사 기록 카드
B2: =TODAY() -> 46113
B3: 입 사 일 자 | E3: 43155 | L3: 퇴 사 일 자 | O3: 45620 | W3: 소속본부 및 팀 | AA3: 학원사업본부 | AE3: 직영관리팀
B5: 이 름 | E5: 조 성 아 | L5: 종 교 | R5: 사 진
B6: 생 년 월 일 | E6: 33198 | L6: 나 이 | N6: =DATEDIF(E6,TODAY(),"y") -> 35
B7: 주민등록번호 | E7: 901121-2052111 | L7: 근속연수 | N7: =(B2-E3)/365 -> 8.1041096
B8: 현 주 소 | E8: 서울시 광진구 | K8: 구의강변로 11 5동 1006호
B9: 거 주 지 | E9: 서울시 광진구 구의강변로 11 5동 1006호
B10: 전 화 번 호 | E10: 010-9095-0353 | M10: 결혼유무
B11: 자 격 사 항 | E11: 종 류 | J11: 취 득 일 | O11: 특 기
B15: 병 력 사 항
E16: 기 간 | N16: 최종 계급
E17: 군 별 | N17: 병 과
B18: 학 력 | E18: 기 간 | I18: 학교 및 전공 | N18: 졸업년월 | Q18: 최종학력
E19: 2010.03~2016.08 | I19: 서울여자대학교 | L19: 국문학 | N19: 2012.02 | Q19: 대졸
N20: 2014.08
B23: 경 력 | E23: 재 직 기 간 | K23: 근 무 부 서 | N23: 직 장 명 | P23: 직 위 | R23: 근 무 년 수
R24: =(H24-E24)/365 -> 0
R25: =(H25-E25)/365 -> 0
R26: =(H26-E26)/365 -> 0
P29: 경력합계 | R29: =SUM(R24:T28) -> 0
B30: 가 족 사 항 | E30: 성 명 | H30: 관 계 | J30: 생년월일 | M30: 직 업 | P30: 학력 | S30: 비고
E31: 오우림 | H31: 배우자
E32: 오지은 | H32: 자녀
E33: 오윤재 | H33: 자녀

Sheet 김문수_퇴사
B1: 직원 인사 기록 카드
B2: =TODAY() -> 46113
B3: 입 사 일 자 | E3: 44805 | L3: 퇴 사 일 자 | O3: 45545 | W3: 소속본부 및 팀 | AA3: 경영총괄실 | AE3: 물류팀
B5: 이 름 | E5: 김문수 | L5: 종 교 | R5: 사 진
B6: 생 년 월 일 | E6: 23325 | L6: 나 이 | N6: =DATEDIF(E6,TODAY(),"y") -> 62
B7: 주민등록번호 | E7: 631110-1552811 | L7: 근속연수 | N7: =(B2-E3)/365 -> 3.5835616
B8: 현 주 소 | E8: 서울 강동구 | K8: 고덕로333, 112-2202호
B9: 거 주 지 | E9: 서울 강동구 고덕로333, 112-2202호
B10: 전 화 번 호 | E10: 010-5398-6777 | M10: 결혼유무
B11: 자 격 사 항 | E11: 종 류 | J11: 취 득 일 | O11: 특 기
B15: 병 력 사 항
E16: 기 간 | N16: 최종 계급
E17: 군 별 | N17: 병 과
B18: 학 력 | E18: 기 간 | I18: 학교 및 전공 | N18: 졸업년월 | Q18: 최종학력
E19: 1982.03~1989.02 | I19: 한양대학교 | L19: 재료공학과 | N19: 1982.02 | Q19: 대졸
B23: 경 력 | E23: 재 직 기 간 | K23: 근 무 부 서 | N23: 직 장 명 | P23: 직 위 | R23: 근 무 년 수
E24: 32509 | H24: 35582 | N24: 대우전자 | P24: 과장 | R24: =(H24-E24)/365 -> 8.4191781
E25: 35612 | H25: 36557 | N25: 대우 대만법인 | P25: 과장 | R25: =(H25-E25)/365 -> 2.5890411
E26: 36557 | H26: 38991 | N26: East Co.,Ltd | P26: 대표 | R26: =(H26-E26)/365 -> 6.6684932
E27: 38991 | H27: 43070 | N27: singatron korea | P27: 지사장 | R27: =(H27-E27)/365 -> 11.175342
P29: 경력합계 | R29: =SUM(R24:T28) -> 28.852055
B30: 가 족 사 항 | E30: 성 명 | H30: 관 계 | J30: 생년월일 | M30: 직 업 | P30: 학력 | S30: 비고
E31: 박화란 | H31: 배우자 | J31: 23694
E32: 김동이 | H32: 자녀 | J32: 34624
E33: 김동규 | H33: 자녀 | J33: 35501

Sheet 이화종_퇴사
B1: 직원 인사 기록 카드
B2: =TODAY() -> 46113
B3: 입 사 일 자 | E3: 43031 | L3: 퇴 사 일 자 | O3: 45471 | W3: 소속본부 및 팀 | AA3: 학원사업본부 | AE3: 가맹사업팀
B5: 이 름 | E5: 이 화 종 | L5: 종 교 | R5: 사 진
B6: 생 년 월 일 | E6: 28279 | L6: 나 이 | N6: =DATEDIF(E6,TODAY(),"y") -> 48
B7: 주민등록번호 | E7: 770603-1019410 | L7: 근속연수 | N7: =(B2-E3)/365 -> 8.4438356
B8: 현 주 소 | E8: 경기도 부천시 | K8: 중동로 71번길 뉴서울아파트 103-1201호
B9: 거 주 지 | E9: 경기도 부천시 중동로 71번길 뉴서울아파트 103-1201호
B10: 전 화 번 호 | E10: 010-9475-5651 | M10: 결혼유무
B11: 자 격 사 항 | E11: 종 류 | J11: 취 득 일 | O11: 특 기
B15: 병 력 사 항
E16: 기 간 | G16: 1998-05 ~ 2000-11 | N16: 최종 계급 | Q16: 병장
E17: 군 별 | G17: 육군 | N17: 병 과 | Q17: 군악병
B18: 학 력 | E18: 기 간 | I18: 학교 및 전공 | N18: 졸업년월 | Q18: 최종학력
E19: 1998-03 ~ 2004-03 | I19: 상지대 | L19: 국문학 | N19: 2004.03 | Q19: 대졸
E20: 1993-03 ~ 1996-02 | I20: 잠실고등학교 | L20: 인문
B23: 경 력 | E23: 재 직 기 간 | K23: 근 무 부 서 | N23: 직 장 명 | P23: 직 위 | R23: 근 무 년 수
E24: 38899 | H24: 39325 | K24: 학원운영관리 | N24: ㈜타임교육 | R24: =(H24-E24)/365 -> 1.1671233
E25: 39295 | H25: 40117 | K25: 서부지역 학원관리 | N25: ㈜타임교육 | R25: =(H25-E25)/365 -> 2.2520548
E26: 40118 | H26: 40694 | K26: 총판관리 | N26: ㈜타임교육 | R26: =(H26-E26)/365 -> 1.5780822
E27: 40725 | H27: 41243 | K27: 한국사업준비 | N27: ㈜TACT | R27: =(H27-E27)/365 -> 1.4191781
E28: 41244 | H28: 42369 | K28: 프랜차이즈산업 | N28: ㈜다쿠토코리아 | R28: =(H28-E28)/365 -> 3.0821918
P29: 경력합계 | R29: =SUM(R24:T28) -> 9.4986301
B30: 가 족 사 항 | E30: 성 명 | H30: 관 계 | J30: 생년월일 | M30: 직 업 | P30: 학력 | S30: 비고
E31: 공 주 | H31: 처

Sheet 강규영_퇴사
B1: 직원 인사 기록 카드
B2: =TODAY() -> 46113
B3: 입 사 일 자 | E3: 44984 | L3: 퇴 사 일 자 | O3: 45583 | W3: 소속본부 및 팀 | AA3: 연구소 | AE3: 개발팀
B5: 이 름 | E5: 강규영 | L5: 종 교 | R5: 사 진
B6: 생 년 월 일 | E6: 35177 | L6: 나 이 | N6: =DATEDIF(E6,TODAY(),"y") -> 29
B7: 주민등록번호 | E7: 960422-2002311 | L7: 근속연수 | N7: =(B2-E3)/365 -> 3.0931507
B8: 현 주 소 | E8: 경기도 남양주시 | K8: 별내면 순화궁로988번길 14 101호
B9: 거 주 지 | E9: 경기도 남양주시 별내면 순화궁로988번길 14 101호
B10: 전 화 번 호 | E10: 010-3793-0468 | M10: 결혼유무
B11: 자 격 사 항 | E11: 종 류 | J11: 취 득 일 | O11: 특 기
B15: 병 력 사 항
E16: 기 간 | N16: 최종 계급
E17: 군 별 | N17: 병 과
B18: 학 력 | E18: 기 간 | I18: 학교 및 전공 | N18: 졸업년월 | Q18: 최종학력
E19: 2017-03 ~ 2021-02 | I19: 연세대학교 미래캠퍼스 | L19: 수학과 | N19: 2021.02 | Q19: 대졸
B23: 경 력 | E23: 재 직 기 간 | K23: 근 무 부 서 | N23: 직 장 명 | P23: 직 위 | R23: 근 무 년 수
E24: 44287 | H24: 44804 | K24: 연구조교 | N24: 연세대학교 미래캠퍼스 | R24: =(H24-E24)/365 -> 1.4164384
R25: =(H25-E25)/365 -> 0
R26: =(H26-E26)/365 -> 0
P29: 경력합계 | R29: =SUM(R24:T28) -> 1.4164384
B30: 가 족 사 항 | E30: 성 명 | H30: 관 계 | J30: 생년월일 | M30: 직 업 | P30: 학력 | S30: 비고
E31: 최영민 | H31: 모 | J31: 26373
E32: 강호준 | H32: 형제 | J32: 36490

Sheet 김종순_퇴사
B1: 직원 인사 기록 카드
B2: =TODAY() -> 46113
B3: 입 사 일 자 | E3: 44081 | L3: 퇴 사 일 자 | O3: 45219 | W3: 소속본부 및 팀 | AA3: 연구소 | AE3: IT디자인팀
B5: 이 름 | E5: 김종순 | L5: 종 교 | R5: 사 진
B6: 생 년 월 일 | E6: 34619 | L6: 나 이 | N6: =DATEDIF(E6,TODAY(),"y") -> 31
B7: 주민등록번호 | E7: 941012-2244712 | L7: 근속연수 | N7: =(B2-E3)/365 -> 5.5671233
B8: 현 주 소 | E8: 서울특별시 중랑구 | K8: 망우로73길 71
B9: 거 주 지 | E9: 서울특별시 중랑구 망우로73길 71
B10: 전 화 번 호 | E10: 010-7576-4712 | M10: 결혼유무
B11: 자 격 사 항 | E11: 종 류 | J11: 취 득 일 | O11: 특 기
B15: 병 력 사 항
E16: 기 간 | N16: 최종 계급
E17: 군 별 | N17: 병 과
B18: 학 력 | E18: 기 간 | I18: 학교 및 전공 | N18: 졸업년월 | Q18: 최종학력
E19: 2013.03~2016.12 | I19: 강원대학교 | L19: 멀티디자인과 | N19: 2016.12 | Q19: 대졸
B23: 경 력 | E23: 재 직 기 간 | K23: 근 무 부 서 | N23: 직 장 명 | P23: 직 위 | R23: 근 무 년 수
E24: 43466 | H24: 43831 | K24: 콘텐츠개발 | N24: 어뮤즈트레블 | P24: 사원 | R24: =(H24-E24)/365 -> 1
R25: =(H25-E25)/365 -> 0
R26: =(H26-E26)/365 -> 0
P29: 경력합계 | R29: =SUM(R24:T28) -> 1
B30: 가 족 사 항 | E30: 성 명 | H30: 관 계 | J30: 생년월일 | M30: 직 업 | P30: 학력 | S30: 비고

Sheet 박유린_퇴사
B1: 직원 인사 기록 카드
B2: =TODAY() -> 46113
B3: 입 사 일 자 | E3: 43535 | L3: 퇴 사 일 자 | O3: 44958 | W3: 소속본부 및 팀 | AA3: 연구소 | AE3: 개발팀
B5: 이 름 | E5: 박유린 | L5: 종 교 | R5: 사 진
B6: 생 년 월 일 | E6: 34957 | L6: 나 이 | N6: =DATEDIF(E6,TODAY(),"y") -> 30
B7: 주민등록번호 | E7: 950915-2025817 | L7: 근속연수 | N7: =(B2-E3)/365 -> 7.0630137
B8: 현 주 소 | E8: 서울시 광진구 | K8: 아차산로40길 10-6 C동 501호
B9: 거 주 지 | E9: 서울시 광진구 아차산로40길 10-6 C동 501호
B10: 전 화 번 호 | E10: 010-3137-1963 | M10: 결혼유무
B11: 자 격 사 항 | E11: 종 류 | J11: 취 득 일 | O11: 특 기
B15: 병 력 사 항
E16: 기 간 | N16: 최종 계급
E17: 군 별 | N17: 병 과
B18: 학 력 | E18: 기 간 | I18: 학교 및 전공 | N18: 졸업년월 | Q18: 최종학력
E19: 2014.03~2018.08 | I19: 경희대학교 | L19: 수학과 | N19: 2018.08 | Q19: 대졸
B23: 경 력 | E23: 재 직 기 간 | K23: 근 무 부 서 | N23: 직 장 명 | P23: 직 위 | R23: 근 무 년 수
R24: =(H24-E24)/365 -> 0
R25: =(H25-E25)/365 -> 0
R26: =(H26-E26)/365 -> 0
P29: 경력합계 | R29: =SUM(R24:T28) -> 0
B30: 가 족 사 항 | E30: 성 명 | H30: 관 계 | J30: 생년월일 | M30: 직 업 | P30: 학력 | S30: 비고
E31: 유선주 | H31: 모 | J31: 25128
E32: 박준영 | H32: 동생 | J32: 36648

Sheet 안다애_퇴사
B1: 직원 인사 기록 카드
B2: =TODAY() -> 46113
B3: 입 사 일 자 | E3: 43525 | L3: 퇴 사 일 자 | O3: 44865 | W3: 소속본부 및 팀 | AA3: 연구소 | AE3: 이러닝디자인마케팅팀
B5: 이 름 | E5: 안 다 애 | L5: 종 교 | R5: 사 진
B6: 생 년 월 일 | E6: 34498 | L6: 나 이 | N6: =DATEDIF(E6,TODAY(),"y") -> 31
B7: 주민등록번호 | E7: 940613-2221415 | L7: 근속연수 | N7: =(B2-E3)/365 -> 7.090411
B8: 현 주 소 | E8: 경기도 양주시 | K8: 옥정서로130 915-2904호
B9: 거 주 지 | E9: 경기도 양주시 옥정서로130 915-2904호
B10: 전 화 번 호 | E10: 010-2369-3204 | M10: 결혼유무
B11: 자 격 사 항 | E11: 종 류 | J11: 취 득 일 | O11: 특 기
B15: 병 력 사 항
E16: 기 간 | N16: 최종 계급
E17: 군 별 | N17: 병 과
B18: 학 력 | E18: 기 간 | I18: 학교 및 전공 | N18: 졸업년월 | Q18: 최종학력
E19: 2014.03~2018.08 | I19: 삼육대학교 | L19: 경영학 | N19: 2018.08 | Q19: 대졸
B23: 경 력 | E23: 재 직 기 간 | K23: 근 무 부 서 | N23: 직 장 명 | P23: 직 위 | R23: 근 무 년 수
R24: =(H24-E24)/365 -> 0
R25: =(H25-E25)/365 -> 0
R26: =(H26-E26)/365 -> 0
P29: 경력합계 | R29: =SUM(R24:T28) -> 0
B30: 가 족 사 항 | E30: 성 명 | H30: 관 계 | J30: 생년월일 | M30: 직 업 | P30: 학력 | S30: 비고
E31: 최미애 | H31: 모 | J31: 24920

Sheet 안영일_퇴사
B1: 직원 인사 기록 카드
B2: =TODAY() -> 46113
B3: 입 사 일 자 | E3: 40210 | L3: 퇴 사 일 자 | O3: 45245 | W3: 소속본부 및 팀 | AA3: 연구소 | AE3: 이러닝디자인마케팅팀
B5: 이 름 | E5: 안 영 일 | L5: 종 교 | N5: 무 | R5: 사 진
B6: 생 년 월 일 | E6: 26078 | L6: 나 이 | N6: =DATEDIF(E6,TODAY(),"y") -> 54
B7: 주민등록번호 | E7: 710525-1011627 | L7: 근속연수 | N7: =(B2-E3)/365 -> 16.172603
B8: 현 주 소 | E8: 서울시 중랑구 중화1동 | K8: 11-36 다세대 201호
B9: 거 주 지 | E9: 서울시 중랑구 묵동 182-19 코코하우스 401호
B10: 전 화 번 호 | E10: 010-2214-5012 | M10: 결혼유무
B11: 자 격 사 항 | E11: 종 류 | J11: 취 득 일 | O11: 특 기
B15: 병 력 사 항
E16: 기 간 | N16: 최종 계급
E17: 군 별 | N17: 병 과
B18: 학 력 | E18: 기 간 | I18: 학교 및 전공 | N18: 졸업년월 | Q18: 최종학력
E19: 1990.3~1995.2 | I19: 서울시립대학교 | L19: 제어계측 | N19: 1995.2 | Q19: 대졸
B23: 경 력 | E23: 재 직 기 간 | K23: 근 무 부 서 | N23: 직 장 명 | P23: 직 위 | R23: 근 무 년 수
E24: 34700 | H24: 34851 | K24: 그룹전산실 | N24: 진로 | P24: 사원 | R24: =(H24-E24)/365 -> 0.41369863
E25: 34851 | H25: 34943 | K25: IT팀 | N25: LG전자 | P25: 사원 | R25: =(H25-E25)/365 -> 0.25205479
E26: 35186 | H26: 36311 | K26: 연구소 | N26: LG소프트 | P26: 연구원 | R26: =(H26-E26)/365 -> 3.0821918
E27: 36312 | H27: 40209 | K27: 웹개발팀 | N27: 아미컴 | P27: 과장 | R27: =(H27-E27)/365 -> 10.676712
R28: =(H28-E28)/365 -> 0
P29: 경력합계 | R29: =SUM(R24:T28) -> 14.424658
B30: 가 족 사 항 | E30: 성 명 | H30: 관 계 | J30: 생년월일 | M30: 직 업 | P30: 학력 | S30: 비고
E31: 안종석 | H31: 부 | J31: 13971 | P31: 초졸
E32: 강옥남 | H32: 모 | J32: 18845 | P32: 초졸

Sheet 정용상_퇴사
B1: 직원 인사 기록 카드
B2: =TODAY() -> 46113
B3: 입 사 일 자 | E3: 41852 | L3: 퇴 사 일 자 | O3: 43465 | W3: 소속본부 및 팀 | AA3: 연구소 | AE3: 개발2팀
B5: 이 름 | E5: 정 용 상 | L5: 종 교 | R5: 사 진
B6: 생 년 월 일 | E6: 29052 | L6: 나 이 | N6: =DATEDIF(E6,TODAY(),"y") -> 46
B7: 주민등록번호 | E7: 790716-1550711 | L7: 근속연수 | N7: =(B2-E3)/365 -> 11.673973
B8: 현 주 소 | E8: 서울 금천구 독산3동 973번지 | L8: 여명빌라 B04호
B9: 거 주 지 | E9: 상 동
B10: 전 화 번 호 | E10: 010-3007-9040 | M10: 결혼유무
B11: 자 격 사 항 | E11: 종 류 | J11: 취 득 일 | O11: 특 기
B15: 병 력 사 항
E16: 기 간 | N16: 최종 계급
E17: 군 별 | N17: 병 과
B18: 학 력 | E18: 기 간 | I18: 학교 및 전공 | N18: 졸업년월 | Q18: 최종학력
E19: 35489 | I19: 광주 인성 고등학교 | N19: 35489 | Q19: 대졸
E20: 1997-03~2004-02 | I20: 고려대학교 | K20: 수학과 | N20: 38045
B23: 경 력 | E23: 재 직 기 간 | K23: 근 무 부 서 | N23: 직 장 명 | P23: 직 위 | R23: 근 무 년 수
E24: 41183 | H24: 41850 | K24: 컨텐츠관리 | N24: ㈜오투라인 | P24: 과장 | R24: =(H24-E24)/365 -> 1.8273973
E25: 39845 | H25: 40969 | K25: 수학교사 | N25: 해보라학교 | P25: 교사 | R25: =(H25-E25)/365 -> 3.0794521
P29: 경력합계 | R29: =SUM(R24:T28) -> 4.9068493
B30: 가 족 사 항 | E30: 성 명 | H30: 관 계 | J30: 생년월일 | M30: 직 업 | P30: 학력 | S30: 비고
E31: 정양식 | H31: 부 | J31: 18018
E32: 위정희 | H32: 모 | J32: 21306
E33: 정유진 | H33: 여동생 | J33: 29795

Sheet 이치영_퇴사
B1: 직원 인사 기록 카드
B2: =TODAY() -> 46113
B3: 입 사 일 자 | E3: 39173 | L3: 퇴 사 일 자 | W3: 소속본부 및 팀 | AA3: 연구소 | AE3: 개발2팀
B5: 이 름 | E5: 이 치 영 | L5: 종 교 | R5: 사 진
B6: 생 년 월 일 | E6: 28043 | L6: 나 이 | N6: =DATEDIF(E6,TODAY(),"y") -> 49
B7: 주민등록번호 | E7: 761010-2025037 | L7: 근속연수 | N7: =(B2-E3)/365 -> 19.013699
B8: 현 주 소 | E8: 경기도 안양시 동안구 | K8: 부림동 공작부영A. 311-806
B9: 거 주 지
B10: 전 화 번 호 | E10: 010-3292-9680 | M10: 결혼유무
B11: 자 격 사 항 | E11: 종 류 | J11: 취 득 일 | O11: 특 기
B15: 병 력 사 항
E16: 기 간 | N16: 최종 계급
E17: 군 별 | N17: 병 과
B18: 학 력 | E18: 기 간 | I18: 학교 및 전공 | N18: 졸업년월 | Q18: 최종학력
E19: 1995~1998 | I19: 서울시립대학교 | L19: 수학과 | N19: 1999.2 | Q19: 대졸
B23: 경 력 | E23: 재 직 기 간 | K23: 근 무 부 서 | N23: 직 장 명 | P23: 직 위 | R23: 근 무 년 수
E24: 36100 | H24: 1999-04-31 | K24: ㈜ 천제문화 | P24: 강사 | R24: =(H24-E24)/365 -> #VALUE!
E25: 36251 | H25: 2005-04-31 | K25: 창조수학 아카데미 | P25: 강사 | R25: =(H25-E25)/365 -> #VALUE!
E26: 38443 | H26: 39021 | K26: 에듀조선 | P26: 강사 | R26: =(H26-E26)/365 -> 1.5835616
R27: =(H27-E27)/365 -> 0
R28: =(H28-E28)/365 -> 0
P29: 경력합계 | R29: =SUM(R24:T28) -> #VALUE!
B30: 가 족 사 항 | E30: 성 명 | H30: 관 계 | J30: 생년월일 | M30: 직 업 | P30: 학력 | S30: 비고
E31: 손진호 | J31: 1976.5.10 | M31: 회사원 | P31: 대학원
E32: 손정화 | H32: 자녀 | J32: 2006.7.31
E33: 손수민 | H33: 자녀 | J33: 2008.11.30

Sheet 김형인_퇴사
B1: 직원 인사 기록 카드
B2: =TODAY() -> 46113
B3: 입 사 일 자 | E3: 41379 | L3: 퇴 사 일 자 | W3: 소속본부 및 팀 | AA3: 연구소 | AE3: 개발2팀
B5: 이 름 | E5: 김 형 인 | L5: 종 교 | N5: 천주교 | R5: 사 진
B6: 생 년 월 일 | E6: 31136 | L6: 나 이 | N6: =DATEDIF(E6,TODAY(),"y") -> 41
B7: 주민등록번호 | E7: 850330-2841114 | L7: 근속연수 | N7: =(B2-E3)/365 -> 12.969863
B8: 현 주 소 | E8: 경기도 수원시 영통구 | K8: 영통동 황골주공1단지 157-802호
B9: 거 주 지 | E9: 경기도 수원시 영통구 영통동 황골주공1단지 157-802호
B10: 전 화 번 호 | E10: 010-8556-2241 | M10: 결혼유무
B11: 자 격 사 항 | E11: 종 류 | J11: 취 득 일 | O11: 특 기
E12: 사무자동화 산업기사 | J12: 2007.11
E13: 1종 운전면허 | J13: 2005.02
E14: TOEIC(830점) | J14: 2011.08
B15: 병 력 사 항
E16: 기 간 | N16: 최종 계급
E17: 군 별 | N17: 병 과
B18: 학 력 | E18: 기 간 | I18: 학교 및 전공 | N18: 졸업년월 | Q18: 최종학력
E19: 2001.03∼2004.02 | I19: 창원명지여자고등학교 | N19: 2004.02 | Q19: 대졸
E20: 2004.03∼2009.08 | I20: 가톨릭대학교 수학전공 | N20: 2009.08
B23: 경 력 | E23: 재 직 기 간 | K23: 근 무 부 서 | N23: 직 장 명 | P23: 직 위 | R23: 근 무 년 수
E24: 39942 | H24: 40877 | K24: 연구소 | N24: 시매쓰 | P24: 사원 | R24: =(H24-E24)/365 -> 2.5616438
E25: 40881 | H25: 41370 | K25: 초등수학3부 | N25: 천재교육 | P25: 사원 | R25: =(H25-E25)/365 -> 1.339726
R26: =(H26-E26)/365 -> 0
R27: =(H27-E27)/365 -> 0
R28: =(H28-E28)/365 -> 0
P29: 경력합계 | R29: =SUM(R24:T28) -> 3.9013699
B30: 가 족 사 항 | E30: 성 명 | H30: 관 계 | J30: 생년월일 | M30: 직 업 | P30: 학력 | S30: 비고
E31: 김몽상 | H31: 부 | J31: 1953.06.24 | M31: 학교 선생님 | P31: 대학원졸업
E32: 정점옥 | H32: 모 | J32: 1961.01.17 | M32: 가정주부 | P32: 고등학교졸업
E33: 김현주 | H33: 매 | J33: 1987.11.24 | M33: 학원 선생님 | P33: 대학교졸업
E34: 김경민 | H34: 제 | J34: 1991.11.08 | M34: 대학생 | P34: 대학교 재학중

Sheet 강철구_퇴사
B1: 직원 인사 기록 카드
B2: =TODAY() -> 46113
B3: 입 사 일 자 | E3: 40945 | L3: 퇴 사 일 자 | W3: 소속본부 및 팀 | AA3: 학원사업본부 | AE3: 가맹영업팀
B5: 이 름 | E5: 강 철 구 | L5: 종 교 | N5: 무 | R5: 사 진
B6: 생 년 월 일 | E6: 30696 | L6: 나 이 | N6: =DATEDIF(E6,TODAY(),"y") -> 42
B7: 주민등록번호 | E7: 840115-1079815 | L7: 근속연수 | N7: =(B2-E3)/365 -> 14.158904
B8: 현 주 소 | E8: 서울시 성동구 | L8: 옥수동 매봉길15 옥수래미안리버젠 105-1105호
B9: 거 주 지 | E9: 서울시 성동구 옥수동 매봉길15 옥수래미안리버젠 105-1105호
B10: 전 화 번 호 | E10: 010-3003-8470 | M10: 결혼유무
B11: 자 격 사 항 | E11: 종 류 | J11: 취 득 일 | O11: 특 기 | R11: 문서작성
E12: MOS(Powerpoint) | J12: 39650 | R12: 운동
E13: Mos(Excel) | J13: 39648
B15: 병 력 사 항
E16: 기 간 | G16: 2005.1.18 ~ 2007.1.17 | N16: 최종 계급 | Q16: 병장
E17: 군 별 | G17: 육군 | N17: 병 과 | Q17: PC운영병
B18: 학 력 | E18: 기 간 | I18: 학교 및 전공 | N18: 졸업년월 | Q18: 최종학력
E19: 2003.3 ~ 2011. 8 | I19: 가톨릭대학교 | K19: 경영학과 | N19: 2011. 8 | Q19: 대졸
B23: 경 력 | E23: 재 직 기 간 | K23: 근 무 부 서 | N23: 직 장 명 | P23: 직 위 | R23: 근 무 년 수
R24: =(H24-E24)/365 -> 0
R25: =(H25-E25)/365 -> 0
R26: =(H26-E26)/365 -> 0
R27: =(H27-E27)/365 -> 0
R28: =(H28-E28)/365 -> 0
P29: 경력합계 | R29: =SUM(R24:T28) -> 0
B30: 가 족 사 항 | E30: 성 명 | H30: 관 계 | J30: 생년월일 | M30: 직 업 | P30: 학력 | S30: 비고
E31: 강성덕 | H31: 부 | J31: 20319 | M31: 자영업 | P31: 고졸
E32: 김임순 | H32: 모 | J32: 20639 | M32: 주부 | P32: 중졸
E33: 강수진 | H33: 여동생 | J33: 31382 | M33: 쇼핑몰MD | P33: 대졸

Sheet 김혜진 퇴사
B1: 직원 인사 기록 카드
B2: =TODAY() -> 46113
B3: 입 사 일 자 | E3: 38961 | L3: 퇴 사 일 자 | O3: 40978 | W3: 소속본부 및 팀 | AA3: 경영지원본부 | AE3: 경영지원팀
B5: 이 름 | E5: 김 혜 진 | L5: 종 교 | N5: 불교 | R5: 사 진
B6: 생 년 월 일 | E6: 30998 | L6: 나 이 | N6: =DATEDIF(E6,TODAY(),"y") -> 41
B7: 주민등록번호 | E7: 841112-2057123 | L7: 근속연수 | N7: =(B2-E3)/365 -> 19.594521
B8: 현 주 소 | E8: 경기도 안산시 상록구 | K8: 이동 599-9
B9: 거 주 지 | E9: 경기도 안산시 상록구 이동 599-9
B10: 전 화 번 호 | E10: 010-5361-1112 | M10: 결혼유무
B11: 자 격 사 항 | E11: 종 류 | J11: 취 득 일 | O11: 특 기
E12: 회계관리 1급 | J12: 2010.04.05
B15: 병 력 사 항
E16: 기 간 | N16: 최종 계급
E17: 군 별 | N17: 병 과
B18: 학 력 | E18: 기 간 | I18: 학교 및 전공 | N18: 졸업년월 | Q18: 최종학력
E19: 2007.03~2009.02 | I19: 숭의여대 | L19: 경영과 | N19: 2009.02 | Q19: 초대졸
B23: 경 력 | E23: 재 직 기 간 | K23: 근 무 부 서 | N23: 직 장 명 | P23: 직 위 | R23: 근 무 년 수
E24: 37469 | H24: 38168 | K24: 영등포지점 | N24: 삼성카드 | P24: 사원 | R24: =(H24-E24)/365 -> 1.9150685
E25: 38231 | H25: 38595 | K25: 관리팀 | N25: ㈜제이피모션 | P25: 사원 | R25: =(H25-E25)/365 -> 0.99726027
R26: =(H26-E26)/365 -> 0
R27: =(H27-E27)/365 -> 0
R28: =(H28-E28)/365 -> 0
P29: 경력합계 | R29: =SUM(R24:T28) -> 2.9123288
B30: 가 족 사 항 | E30: 성 명 | H30: 관 계 | J30: 생년월일 | M30: 직 업 | P30: 학력 | S30: 비고
E31: 이준화 | H31: 배우자 | J31: 1983.09.05 | M31: 회사원 | P31: 고졸

Sheet 이항녕_퇴사
B1: 직원 인사 기록 카드
B2: =TODAY() -> 46113
B3: 입 사 일 자 | E3: 40858 | L3: 퇴 사 일 자 | O3: 41239 | W3: 소속본부 및 팀 | AA3: 총괄사업본부 | AE3: 학원영업팀
B5: 이 름 | E5: 이 항 녕 | L5: 종 교 | N5: 기독교 | R5: 사 진
B6: 생 년 월 일 | E6: 27666 | L6: 나 이 | N6: =DATEDIF(E6,TODAY(),"y") -> 50
B7: 주민등록번호 | E7: 750929-1025635 | L7: 근속연수 | N7: =(B2-E3)/365 -> 14.39726
B8: 현 주 소 | E8: 경기도 성남시 분당구 | K8: 삼평동 봇들마을 금호APT 913동 502호
B9: 거 주 지 | E9: 상동
B10: 전 화 번 호 | E10: 031-8016-2023 / 010-3289-2023 | M10: 결혼유무
B11: 자 격 사 항 | E11: 종 류 | J11: 취 득 일 | O11: 특 기
B15: 병 력 사 항
E16: 기 간 | G16: 1996.1.9~1998.3.8 | N16: 최종 계급 | Q16: 병장
E17: 군 별 | G17: 육군 | N17: 병 과 | Q17: 병기계
B18: 학 력 | E18: 기 간 | I18: 학교 및 전공 | N18: 졸업년월 | Q18: 최종학력
E19: 2008.09~2011.08 | I19: 경희대학교 | L19: 경영대학원 | N19: 2011.08 | Q19: 석사
E20: 1994.03~2002.02 | I20: 경희대학교 경영학부 | N20: 2002.02
E21: 1991.03~1994.02 | I21: 한영고등학교 | N21: 1994.02
B23: 경 력 | E23: 재 직 기 간 | K23: 근 무 부 서 | N23: 직 장 명 | P23: 직 위 | R23: 근 무 년 수
E24: 39222 | H24: 40318 | K24: FC운영팀 | N24: 정상JLS | P24: 팀장 | R24: =(H24-E24)/365 -> 3.0027397
E25: 38889 | H25: 39217 | K25: 특수영업팀 | N25: 카이시스 | P25: 대리 | R25: =(H25-E25)/365 -> 0.89863014
E26: 37438 | H26: 38888 | K26: 경기지사 영업관리팀 | N26: 신도리코 | P26: 주임 | R26: =(H26-E26)/365 -> 3.9726027
R27: =(H27-E27)/365 -> 0
R28: =(H28-E28)/365 -> 0
P29: 경력합계 | R29: =SUM(R24:T28) -> 7.8739726
B30: 가 족 사 항 | E30: 성 명 | H30: 관 계 | J30: 생년월일 | M30: 직 업 | P30: 학력 | S30: 비고
E31: 이종삼 | H31: 부 | J31: 1946.01.18 | M31: 공인중개사 | P31: 대졸
E32: 주순점 | H32: 모 | J32: 1946.11.08 | M32: 주부 | P32: 고졸
E33: 이춘화 | H33: 누나 | J33: 1972.08.30 | M33: 사회복지사 | P33: 대학원졸
E34: 이화진 | H34: 누나 | J34: 1974.01.25 | M34: 주부 | P34: 대졸

Sheet 전선민_퇴사
B1: 직원 인사 기록 카드
B2: =TODAY() -> 46113
B3: 입 사 일 자 | E3: 40933 | L3: 퇴 사 일 자 | O3: 41121 | W3: 소속본부 및 팀 | AA3: 연구소 | AE3: 마케팅기획팀
B5: 이 름 | E5: 전 선 민 | L5: 종 교 | N5: 무교 | R5: 사 진
B6: 생 년 월 일 | E6: 30668 | L6: 나 이 | N6: =DATEDIF(E6,TODAY(),"y") -> 42
B7: 주민등록번호 | E7: 831218-1640117 | L7: 근속연수 | N7: =(B2-E3)/365 -> 14.191781
B8: 현 주 소 | E8: 서울 동대문구 | K8: 제기동 136-296
B9: 거 주 지 | E9: 서울 동대문구 제기동 136-296
B10: 전 화 번 호 | E10: 010-9966-0876 | M10: 결혼유무
B11: 자 격 사 항 | E11: 종 류 | J11: 취 득 일 | O11: 특 기 | R11: 글쓰기
B15: 병 력 사 항
E16: 기 간 | G16: 2004.8~2006.8 | N16: 최종 계급 | Q16: 병장
E17: 군 별 | G17: 육군 | N17: 병 과 | Q17: 보명
B18: 학 력 | E18: 기 간 | I18: 학교 및 전공 | N18: 졸업년월 | Q18: 최종학력
E19: 4년제 | I19: 고려대학교 | L19: 고고미술사학과 | N19: 2008.2 | Q19: 대졸
B23: 경 력 | E23: 재 직 기 간 | K23: 근 무 부 서 | N23: 직 장 명 | P23: 직 위 | R23: 근 무 년 수
R24: =(H24-E24)/365 -> 0
R25: =(H25-E25)/365 -> 0
R26: =(H26-E26)/365 -> 0
R27: =(H27-E27)/365 -> 0
R28: =(H28-E28)/365 -> 0
P29: 경력합계 | R29: =SUM(R24:T28) -> 0
B30: 가 족 사 항 | E30: 성 명 | H30: 관 계 | J30: 생년월일 | M30: 직 업 | P30: 학력 | S30: 비고
E31: 박기태 | H31: 조모
E32: 전양섭 | H32: 부 | J32: 20624 | M32: 회사원 | P32: 대졸
E33: 박성애 | H33: 모 | J33: 24439 | M33: 주부 | P33: 고졸
E34: 전영민 | H34: 동생 | J34: 31358 | M34: 회사원 | P34: 대졸

Sheet 왕준표 퇴사
B1: 직원 인사 기록 카드
B2: =TODAY() -> 46113
B3: 입 사 일 자 | E3: 40677 | L3: 퇴 사 일 자 | O3: 41152 | W3: 소속본부 및 팀 | AA3: 총괄사업본부 | AE3: 학원영업팀
B5: 이 름 | E5: 왕 준 표 | L5: 종 교 | N5: 기독교 | R5: 사 진
B6: 생 년 월 일 | E6: 29343 | L6: 나 이 | N6: =DATEDIF(E6,TODAY(),"y") -> 45
B7: 주민등록번호 | E7: 800502-1023519 | L7: 근속연수 | N7: =(B2-E3)/365 -> 14.893151
B8: 현 주 소 | E8: 서울시 노원구 공릉 2동 | K8: 두산힐스빌 아파트 107동 602호
B9: 거 주 지 | E9: 서울시 노원구 공릉 2동 두산힐스빌 아파트 107동 602호
B10: 전 화 번 호 | E10: 02)979-7668 | M10: 결혼유무
B11: 자 격 사 항 | E11: 종 류 | J11: 취 득 일 | O11: 특 기 | R11: 스키
E12: MOS-MASTER | R12: 농구
B15: 병 력 사 항
E16: 기 간 | G16: 2001~03. 2003.05 | N16: 최종 계급 | Q16: 병장
E17: 군 별 | G17: 육군 | N17: 병 과 | Q17: 보병
B18: 학 력 | E18: 기 간 | I18: 학교 및 전공 | N18: 졸업년월 | Q18: 최종학력
E19: 2000.3 ~ 2010.2 | I19: 성균관대 | L19: 경영학부 | N19: 2010.2 | Q19: 대졸
B23: 경 력 | E23: 재 직 기 간 | K23: 근 무 부 서 | N23: 직 장 명 | P23: 직 위 | R23: 근 무 년 수
R24: =(H24-E24)/365 -> 0
R25: =(H25-E25)/365 -> 0
R26: =(H26-E26)/365 -> 0
R27: =(H27-E27)/365 -> 0
R28: =(H28-E28)/365 -> 0
P29: 경력합계 | R29: =SUM(R24:T28) -> 0
B30: 가 족 사 항 | E30: 성 명 | H30: 관 계 | J30: 생년월일 | M30: 직 업 | P30: 학력 | S30: 비고
E31: 왕대근 | H31: 부 | J31: 1953.01.30 | M31: 경찰공무원 | P31: 고졸
E32: 이희자 | H32: 모 | J32: 1954.11.20 | M32: 주부 | P32: 고졸
E33: 왕수빈 | H33: 자 | J33: 1978.03.27 | M33: 교사 | P33: 대졸

Sheet 김현주 퇴사
B1: 직원 인사 기록 카드
B2: =TODAY() -> 46113
B3: 입 사 일 자 | E3: 39384 | L3: 퇴 사 일 자 | O3: 41333 | W3: 소속본부 및 팀 | AA3: 출판사업본부 | AE3: 출판개발팀
B5: 이 름 | E5: 김 현 주 | L5: 종 교 | R5: 사 진
B6: 생 년 월 일 | E6: 28688 | L6: 나 이 | N6: =DATEDIF(E6,TODAY(),"y") -> 47
B7: 주민등록번호 | E7: 780717-2654614 | L7: 근속연수 | N7: =(B2-E3)/365 -> 18.435616
B8: 현 주 소 | E8: 경기도 분당시 야탑동 | L8: 장미마을 현대아파트 808-604호
B9: 거 주 지 | E9: 상 동
B10: 전 화 번 호 | E10: 010-2835-0717 | M10: 결혼유무
B11: 자 격 사 항 | E11: 종 류 | J11: 취 득 일 | O11: 특 기
B15: 병 력 사 항
E16: 기 간 | N16: 최종 계급
E17: 군 별 | N17: 병 과
B18: 학 력 | E18: 기 간 | I18: 학교 및 전공 | N18: 졸업년월 | Q18: 최종학력
E19: ~1997-02-13 | I19: 숙명여고 | N19: 1997.2 | Q19: 석사
E20: ~2001.02.27 | I20: 경원대 | K20: 의상학과 | N20: 2001.2
E21: ~2003.01 | I21: 홍익대 | K21: 의상학과 | N21: 2003.1
B23: 경 력 | E23: 재 직 기 간 | K23: 근 무 부 서 | N23: 직 장 명 | P23: 직 위 | R23: 근 무 년 수
E24: 37956 | H24: 39355 | K24: 시매쓰 수내점 | N24: 팀장 | R24: =(H24-E24)/365 -> 3.8328767
R25: =(H25-E25)/365 -> 0
R26: =(H26-E26)/365 -> 0
R27: =(H27-E27)/365 -> 0
P29: 경력합계 | R29: =SUM(R24:T28) -> 3.8328767
B30: 가 족 사 항 | E30: 성 명 | H30: 관 계 | J30: 생년월일 | M30: 직 업 | P30: 학력 | S30: 비고
E31: 김 재 성 | H31: 부 | J31: 17273
E32: 박 우 월 | H32: 모 | J32: 17074
E33: 김 옥 주 | H33: 매 | J33: 29687
E34: 김 경 환 | H34: 제 | J34: 30427

Sheet 김희진 퇴사
B1: 직원 인사 기록 카드
B2: =TODAY() -> 46113
B3: 입 사 일 자 | E3: 37316 | L3: 퇴 사 일 자 | O3: 41364 | W3: 소속본부 및 팀 | AA3: 중등사업본부 | AE3: 중등개발팀
B5: 이 름 | E5: 김 희 진 | L5: 종 교 | N5: 천주교 | R5: 사 진
B6: 생 년 월 일 | E6: 29697 | L6: 나 이 | N6: =DATEDIF(E6,TODAY(),"y") -> 44
B7: 주민등록번호 | E7: 810421-2177414 | L7: 근속연수 | N7: =(B2-E3)/365 -> 24.10137
B8: 현 주 소 | E8: 서울 영등포구 당산동 | K8: 현대3차아파트 106-1207호
B9: 거 주 지 | E9: 상동
B10: 전 화 번 호 | E10: 02-822-5650 | M10: 결혼유무
B11: 자 격 사 항 | E11: 종 류 | J11: 취 득 일 | O11: 특 기
B15: 병 력 사 항
E16: 기 간 | N16: 최종 계급
E17: 군 별 | N17: 병 과
B18: 학 력 | E18: 기 간 | I18: 학교 및 전공 | N18: 졸업년월 | Q18: 최종학력
E19: 2000-02 ~ 2002-12 | I19: 숭실대학교 | L19: 전산원 | N19: 2002.12 | Q19: 대졸
B23: 경 력 | E23: 재 직 기 간 | K23: 근 무 부 서 | N23: 직 장 명 | P23: 직 위 | R23: 근 무 년 수
R24: =(H24-E24)/365 -> 0
R25: =(H25-E25)/365 -> 0
R26: =(H26-E26)/365 -> 0
R27: =(H27-E27)/365 -> 0
R28: =(H28-E28)/365 -> 0
P29: 경력합계 | R29: =SUM(R24:T28) -> 0
B30: 가 족 사 항 | E30: 성 명 | H30: 관 계 | J30: 생년월일 | M30: 직 업 | P30: 학력 | S30: 비고
E31: 김우찬 | H31: 남편 | J31: 27988 | M31: 회사원 | P31: 고졸
E32: 김채율 | H32: 자 | J32: 41002

Sheet 이응희 퇴사
B1: 직원 인사 기록 카드
B2: =TODAY() -> 46113
B3: 입 사 일 자 | E3: 37834 | L3: 퇴 사 일 자 | O3: 41425 | W3: 소속본부 및 팀 | AA3: 총괄사업본부 | AE3: 직영협력팀
B5: 이 름 | E5: 이 응 희 | L5: 종 교 | R5: 사 진
B6: 생 년 월 일 | E6: 23778 | L6: 나 이 | N6: =DATEDIF(E6,TODAY(),"y") -> 61
B7: 주민등록번호 | E7: 650205-1042512 | L7: 근속연수 | N7: 8.6
B8: 현 주 소 | E8: 경기도 안양시 동안구 | L8: 비산3동 1015-5 뷰티하우스B동 401호
B9: 거 주 지 | E9: 상동
B10: 전 화 번 호 | E10: 010-3921-0394 | M10: 결혼유무
B11: 자 격 사 항 | E11: 종 류 | J11: 취 득 일 | O11: 특 기
B15: 병 력 사 항
E16: 기 간 | G16: 1985.10-1988.1 | N16: 최종 계급 | Q16: 병장
E17: 군 별 | G17: 육군 | N17: 병 과 | Q17: 보병
B18: 학 력 | E18: 기 간 | I18: 학교 및 전공 | N18: 졸업년월 | Q18: 최종학력
E19: 건국대학교 | I19: 공과대학 미생물공 | N19: 1990.2 | Q19: 대졸
B23: 경 력 | E23: 재 직 기 간 | K23: 근 무 부 서 | N23: 직 장 명 | P23: 직 위 | R23: 근 무 년 수
E24: 2000.3.3 | H24: 2003.4.30 | K24: 벽산 | R24: 4
E25: 1998.1.5 | H25: 1999.12.30 | K25: 열린학원 | R25: 2
E26: 1995.6.1 | H26: 1997.10.30 | K26: LG소프트 | R26: 3
E27: 1991.3.2 | H27: 1995.5.30 | K27: ㈜대교컴퓨터 | R27: 5
P29: 경력합계 | R29: =SUM(R24:T28) -> 14
B30: 가 족 사 항 | E30: 성 명 | H30: 관 계 | J30: 생년월일 | M30: 직 업 | P30: 학력 | S30: 비고
E31: 안미선 | H31: 처 | J31: 69.4.12 | M31: 주부 | P31: 고졸
E32: 이윤서 | H32: 자 | J32: 92.12.12 | M32: 학생 | P32: 대재
E33: 이태경 | H33: 자 | J33: 95.6.2 | M33: 학생 | P33: 고재

Sheet 조진성 퇴사
B1: 직원 인사 기록 카드
B2: =TODAY() -> 46113
B3: 입 사 일 자 | E3: 41186 | L3: 퇴 사 일 자 | O3: 41402 | W3: 소속본부 및 팀 | AA3: 연구소 | AE3: 마케팅기획팀
B5: 이 름 | E5: 조 진 성 | L5: 종 교 | N5: 기독교 | R5: 사 진
B6: 생 년 월 일 | E6: 30739 | L6: 나 이 | N6: =DATEDIF(E6,TODAY(),"y") -> 42
B7: 주민등록번호 | E7: 840227-1647911 | L7: 근속연수 | N7: =(B2-E3)/365 -> 13.49863
B8: 현 주 소 | E8: 경기도 안양시 동안구 | K8: 관양2동 1481-5 에덴아파트 701호
B9: 거 주 지 | E9: 상동
B10: 전 화 번 호 | E10: 010-2765-2075 | M10: 결혼유무
B11: 자 격 사 항 | E11: 종 류 | J11: 취 득 일 | O11: 특 기
E12: MOS master 2003 | J12: 2008년 2월
E13: 운전면허2종보통 | J13: 2007년 3월
B15: 병 력 사 항
E16: 기 간 | G16: 2005.08~2007.10 | N16: 최종 계급 | Q16: 이병
E17: 군 별 | G17: 육군 | N17: 병 과 | Q17: 공익
B18: 학 력 | E18: 기 간 | I18: 학교 및 전공 | N18: 졸업년월 | Q18: 최종학력
E19: 2003.03~2010.02 | I19: 단국대학교 | L19: 영문/광고 | N19: 2010.02 | Q19: 대졸
E20: 1999.03~2002.02 | I20: 백영고등학교 | N20: 2002.02
B23: 경 력 | E23: 재 직 기 간 | K23: 근 무 부 서 | N23: 직 장 명 | P23: 직 위 | R23: 근 무 년 수
E24: 40269 | H24: 40482 | K24: 홍보팀 | N24: 무림페이퍼 | P24: 사원 | R24: =(H24-E24)/365 -> 0.58356164
E25: 40695 | H25: 40908 | K25: 기획팀 | N25: 위캔두잇커뮤니케이션 | P25: 사원 | R25: =(H25-E25)/365 -> 0.58356164
P29: 경력합계 | R29: =SUM(R24:T28) -> 1.1671233
B30: 가 족 사 항 | E30: 성 명 | H30: 관 계 | J30: 생년월일 | M30: 직 업 | P30: 학력 | S30: 비고
E31: 조광일 | H31: 부 | M31: 공무원
E32: 임연례 | H32: 모 | M32: 주부
E33: 조진헌 | H33: 형 | M33: 회사원

Sheet 김경열 퇴사
B1: 직원 인사 기록 카드
B2: =TODAY() -> 46113
B3: 입 사 일 자 | E3: 41253 | L3: 퇴 사 일 자 | O3: 41430 | Y3: 소속본부 및 팀 | AC3: 총괄사업본부 | AG3: 학원영업팀
B5: 이 름 | E5: 김 경 열 | L5: 종 교 | N5: 기독교 | R5: 사 진
B6: 생 년 월 일 | E6: 30986 | L6: 나 이 | N6: =DATEDIF(E6,TODAY(),"y") -> 41
B7: 주민등록번호 | E7: 841031-1644212 | L7: 근속연수 | N7: =(B2-E3)/365 -> 13.315068
B8: 현 주 소 | E8: 경기도 성남시 중원구 | K8: 상대원1동 1927-5번지 101호
B9: 거 주 지 | E9: 경기도 성남시 중원구 상대원 1동 1927-5번지 101호
B10: 전 화 번 호 | E10: 010-4171-2068 | M10: 결혼유무
B11: 자 격 사 항 | E11: 종 류 | J11: 취 득 일 | O11: 특 기 | R11: 작문
E12: 컴퓨터활용능력 1급 | J12: 2012. 9. 28
E13: 한국사능력 검정 1급 | J13: 2012. 11.13
E14: 중등정교사 2급 | J14: 2010. 2. 18
B15: 병 력 사 항
E16: 기 간 | G16: 2005.11.21 ~ 2007. 11.21 | N16: 최종 계급 | Q16: 병 장
E17: 군 별 | G17: 육 군 | N17: 병 과 | Q17: 포 병
B18: 학 력 | E18: 기 간 | I18: 학교 및 전공 | N18: 졸업년월 | Q18: 최종학력
E19: 2000.3~2003.2 | I19: 성남서고등학교/문과 | N19: 2003.2 | Q19: 대졸
E20: 2003.3~2010.2 | I20: 충북대학교 | K20: 사회교육학 | N20: 2010.2
B23: 경 력 | E23: 재 직 기 간 | K23: 근 무 부 서 | N23: 직 장 명 | P23: 직 위 | R23: 근 무 년 수
E24: 0000-00-00 | H24: 0000-00-00 | R24: =(H24-E24)/365 -> #VALUE!
E25: 0000-00-00 | H25: 0000-00-00 | R25: =(H25-E25)/365 -> #VALUE!
E26: 0000-00-00 | H26: 0000-00-00 | R26: =(H26-E26)/365 -> #VALUE!
E27: 0000-00-00 | H27: 0000-00-00 | R27: =(H27-E27)/365 -> #VALUE!
E28: 0000-00-00 | H28: 0000-00-00 | R28: =(H28-E28)/365 -> #VALUE!
P29: 경력합계 | R29: =SUM(R24:T28) -> #VALUE!
B30: 가 족 사 항 | E30: 성 명 | H30: 관 계 | J30: 생년월일 | M30: 직 업 | P30: 학력 | S30: 비고
E31: 김순조 | H31: 부 | J31: 20345 | M31: 목 사 | P31: 대학원졸
E32: 주재순 | H32: 모 | J32: 21182 | M32: 요양보호사 | P32: 대졸
E33: 김지열 | H33: 형 | J33: 30436 | M33: NHN서치마케팅 | P33: 대졸

Sheet 강민영 퇴사
B1: 직원 인사 기록 카드
B2: =TODAY() -> 46113
B3: 입 사 일 자 | E3: 39783 | L3: 퇴 사 일 자 | O3: 41455 | W3: 소속본부 및 팀 | AA3: 연구소 | AE3: 마케팅기획팀
B5: 이 름 | E5: 강 민 영 | L5: 종 교 | R5: 사 진
B6: 생 년 월 일 | E6: 28420 | L6: 나 이 | N6: =DATEDIF(E6,TODAY(),"y") -> 48
B7: 주민등록번호 | E7: 770122-2777221 | L7: 근속연수 | N7: =(B2-E3)/365 -> 17.342466
B8: 현 주 소 | E8: 서울시 강남구 논현동 | K8: 147-14
B9: 거 주 지 | E9: 상동
B10: 전 화 번 호 | E10: 010-7372-0992 | M10: 결혼유무
B11: 자 격 사 항 | E11: 종 류 | J11: 취 득 일 | O11: 특 기
E12: 정보처리기사 | J12: 2008년 7월
E13: 중등2급 정교사 | J13: 2008년 2월
B15: 병 력 사 항
E16: 기 간 | N16: 최종 계급
E17: 군 별 | N17: 병 과
B18: 학 력 | E18: 기 간 | I18: 학교 및 전공 | N18: 졸업년월 | Q18: 최종학력
E19: 2005.02~2008.02 | I19: 홍익대학교 | L19: 교육학 | N19: 2008.02 | Q19: 대졸
E20: 1995.02~2000.08 | I20: 서강대학교 | L20: 경영학 | N20: 2000.08
E21: 1992.02~1995.02 | I21: 순천여자고등학교/인문계 | N21: 1995.02
B23: 경 력 | E23: 재 직 기 간 | K23: 근 무 부 서 | N23: 직 장 명 | P23: 직 위 | R23: 근 무 년 수
E24: 36678 | H24: 37104 | K24: 마케팅/화장품 | N24: ㈜애경산업 | P24: 사원 | R24: =(H24-E24)/365 -> 1.1671233
E25: 37226 | H25: 37986 | K25: 마케팅/전략기획 | N25: ㈜쿠드 | P25: 주임 | R25: =(H25-E25)/365 -> 2.0821918
E26: 37987 | H26: 38382 | K26: 마케팅/냉장면 | N26: ㈜오뚜기 | P26: 사원 | R26: =(H26-E26)/365 -> 1.0821918
P29: 경력합계 | R29: =SUM(R24:T28) -> 4.3315068
B30: 가 족 사 항 | E30: 성 명 | H30: 관 계 | J30: 생년월일 | M30: 직 업 | P30: 학력 | S30: 비고
E31: 강광수 | H31: 父 | J31: 1947.2.29 | M31: 교직은퇴 | P31: 대졸
E32: 김정숙 | H32: 母 | J32: 1946.11.22 | M32: 주부 | P32: 고졸
E33: 강주영 | H33: 姉 | J33: 1975.10.15 | M33: 변리사 | P33: 대졸

Sheet 정호은 퇴사
B1: 직원 인사 기록 카드
B2: =TODAY() -> 46113
B3: 입 사 일 자 | E3: 40933 | L3: 퇴 사 일 자 | O3: 41486 | W3: 소속본부 및 팀 | AA3: 출판사업본부 | AE3: 출판개발팀
B5: 이 름 | E5: 정 호 은 | L5: 종 교 | N5: 기독교 | R5: 사 진
B6: 생 년 월 일 | E6: 30808 | L6: 나 이 | N6: =DATEDIF(E6,TODAY(),"y") -> 41
B7: 주민등록번호 | E7: 840506-1400212 | L7: 근속연수 | N7: =(B2-E3)/365 -> 14.191781
B8: 현 주 소 | E8: 경기도 고양시 덕양구 | K8: 효자동 96-32
B9: 거 주 지 | E9: 경기도 고양시 덕양구 효자동 96-32
B10: 전 화 번 호 | E10: 010-4747-7536 | M10: 결혼유무
B11: 자 격 사 항 | E11: 종 류 | J11: 취 득 일 | O11: 특 기 | R11: PC
B15: 병 력 사 항
E16: 기 간 | G16: 2004.07.22 - 2006.07.21 | N16: 최종 계급 | Q16: 병장
E17: 군 별 | G17: 육군 | N17: 병 과 | Q17: 최종학력
B18: 학 력 | E18: 기 간 | I18: 학교 및 전공 | N18: 졸업년월 | Q18: 대졸
E19: 2003.03-2008.02 | I19: 한양대 응용수학과 | N19: 2008.02 중퇴
E20: 2008.03-2012.02 | I20: 중앙대 | L20: 수학과 | N20: 2012.02 졸업
B23: 경 력 | E23: 재 직 기 간 | K23: 근 무 부 서 | N23: 직 장 명 | P23: 직 위 | R23: 근 무 년 수
R24: =(H24-E24)/365 -> 0
R25: =(H25-E25)/365 -> 0
R26: =(H26-E26)/365 -> 0
R27: =(H27-E27)/365 -> 0
R28: =(H28-E28)/365 -> 0
P29: 경력합계 | R29: =SUM(R24:T28) -> 0
B30: 가 족 사 항 | E30: 성 명 | H30: 관 계 | J30: 생년월일 | M30: 직 업 | P30: 학력 | S30: 비고
E31: 정채목 | H31: 부 | J31: 1955.08.19 | M31: 자영업 | P31: 고등학교 졸업
E32: 이영옥 | H32: 모 | J32: 1956.10.03 | M32: 자영업 | P32: 고등학교 졸업
E33: 정은혜 | H33: 누나 | J33: 1982.03.20 | M33: 디자이너 | P33: 대학교 졸업

Sheet 박종주 퇴사
B1: 직원 인사 기록 카드
B2: =TODAY() -> 46113
B3: 입 사 일 자 | E3: 40945 | L3: 퇴 사 일 자 | O3: 41586 | W3: 소속본부 및 팀 | AA3: 출판사업본부 | AE3: 출판개발팀
B5: 이 름 | E5: 박 종 주 | L5: 종 교 | N5: 천주교 | R5: 사 진
B6: 생 년 월 일 | E6: 30725 | L6: 나 이 | N6: =DATEDIF(E6,TODAY(),"y") -> 42
B7: 주민등록번호 | E7: 840213-2069621 | L7: 근속연수 | N7: =(B2-E3)/365 -> 14.158904
B8: 현 주 소 | E8: 서울시 관악구 | K8: 신림동 306-32
B9: 거 주 지 | E9: 서울시 관악구 신림동 306-32
B10: 전 화 번 호 | E10: 010-7442-1357 | M10: 결혼유무
B11: 자 격 사 항 | E11: 종 류 | J11: 취 득 일 | O11: 특 기
B15: 병 력 사 항
E16: 기 간 | N16: 최종 계급
E17: 군 별 | N17: 병 과
B18: 학 력 | E18: 기 간 | I18: 학교 및 전공 | N18: 졸업년월 | Q18: 최종학력
E19: 2002~2005 | I19: 배화여대 응용정보처리 | N19: 2005년 2월 | Q19: 대졸
E20: 2006~2008 | I20: 경희대학교 | K20: 국어국문 | N20: 2008년 2월
B23: 경 력 | E23: 재 직 기 간 | K23: 근 무 부 서 | N23: 직 장 명 | P23: 직 위 | R23: 근 무 년 수
E24: 39569 | H24: 39933 | K24: 취재팀 | N24: ITMG | P24: 기자 | R24: =(H24-E24)/365 -> 0.99726027
E25: 40141 | H25: 40816 | K25: 편집팀 | N25: 성우 | P25: 사원 | R25: =(H25-E25)/365 -> 1.8493151
R26: =(H26-E26)/365 -> 0
R27: =(H27-E27)/365 -> 0
R28: =(H28-E28)/365 -> 0
P29: 경력합계 | R29: =SUM(R24:T28) -> 2.8465753
B30: 가 족 사 항 | E30: 성 명 | H30: 관 계 | J30: 생년월일 | M30: 직 업 | P30: 학력 | S30: 비고
E31: 박 세 균 | H31: 부 | J31: 20163 | M31: 회사원 | P31: 고졸
E32: 신 영 단 | H32: 모 | J32: 21997 | M32: 주부 | P32: 고졸
E33: 박 정 자 | H33: 언니 | J33: 30156 | M33: 회사원 | P33: 대졸

Sheet 박여진 퇴사
B1: 직원 인사 기록 카드
B2: =TODAY() -> 46113
B3: 입 사 일 자 | E3: 40909 | L3: 퇴 사 일 자 | O3: 41621 | W3: 소속본부 및 팀 | AA3: 연구소 | AE3: 이러닝디자인조판
B5: 이 름 | E5: 박 여 진 | L5: 종 교 | N5: 무교 | R5: 사 진
B6: 생 년 월 일 | E6: 30101 | L6: 나 이 | N6: =DATEDIF(E6,TODAY(),"y") -> 43
B7: 주민등록번호 | E7: 820530-2030818 | L7: 근속연수 | N7: =(B2-E3)/365 -> 14.257534
B8: 현 주 소 | E8: 서울시 서초구 방배동 | K8: 981-26 501호
B9: 거 주 지 | E9: 상동
B10: 전 화 번 호 | E10: 010-8454-0430 | M10: 결혼유무
B11: 자 격 사 항 | E11: 종 류 | J11: 취 득 일 | O11: 특 기
B15: 병 력 사 항
E16: 기 간 | N16: 최종 계급
E17: 군 별 | N17: 병 과
B18: 학 력 | E18: 기 간 | I18: 학교 및 전공 | N18: 졸업년월 | Q18: 최종학력
E19: 2002-2004 | I19: 두원공과대학 | L19: 산업디자인 | N19: 2004년 2월 | Q19: 대졸
B23: 경 력 | E23: 재 직 기 간 | K23: 근 무 부 서 | N23: 직 장 명 | P23: 직 위 | R23: 근 무 년 수
E24: 36708.7 | H24: 37257.1 | K24: 편집부 | N24: 아트미디어 | P24: 사원 | R24: =(H24-E24)/365 -> 1.5024658
E25: 38078 | H25: 38991 | K25: 디자인,편집부 | N25: 동국문화 | P25: 사원 | R25: =(H25-E25)/365 -> 2.5013699
E26: 39539 | H26: 39873 | K26: 디자인,편집부 | N26: 군자출판 | P26: 사원 | R26: =(H26-E26)/365 -> 0.91506849
E27: 39934 | H27: 40544 | K27: 편집부 | N27: 펀북 | P27: 사원 | R27: =(H27-E27)/365 -> 1.6712329
R28: =(H28-E28)/365 -> 0
P29: 경력합계 | R29: =SUM(R24:T28) -> 6.590137
B30: 가 족 사 항 | E30: 성 명 | H30: 관 계 | J30: 생년월일 | M30: 직 업 | P30: 학력 | S30: 비고
E31: 김갑진 | H31: 배우자 | J31: 82.01.07 | M31: 직장인 | P31: 대학원졸

Sheet 이지현 퇴사
B1: 직원 인사 기록 카드
B2: =TODAY() -> 46113
B3: 입 사 일 자 | E3: 38698 | L3: 퇴 사 일 자 | O3: 41625 | W3: 소속본부 및 팀 | AA3: 연구소 | AE3: 학원개발지원파트
B5: 이 름 | E5: 이 지 현 | L5: 종 교 | N5: 무교 | R5: 사 진
B6: 생 년 월 일 | E6: 28486 | L6: 나 이 | N6: =DATEDIF(E6,TODAY(),"y") -> 48
B7: 주민등록번호 | E7: 771227-2622131 | L7: 근속연수 | N7: =(B2-E3)/365 -> 20.315068
B8: 현 주 소 | E8: 서울시 중구 신당동 | L8: 309-116 402호
B9: 거 주 지 | E9: 상동
B10: 전 화 번 호 | E10: 010-9699-1111 | M10: 결혼유무
B11: 자 격 사 항 | E11: 종 류 | J11: 취 득 일 | O11: 특 기
B15: 병 력 사 항
E16: 기 간 | N16: 최종 계급
E17: 군 별 | N17: 병 과
B18: 학 력 | E18: 기 간 | I18: 학교 및 전공 | N18: 졸업년월 | Q18: 최종학력
E19: 1999.03~2003.08 | I19: 서울대학교 | L19: 통계학 | N19: 2003.08 | Q19: 대졸
B23: 경 력 | E23: 재 직 기 간 | K23: 근 무 부 서 | N23: 직 장 명 | P23: 직 위 | R23: 근 무 년 수
R24: =(H24-E24)/365 -> 0
R25: =(H25-E25)/365 -> 0
R26: =(H26-E26)/365 -> 0
R27: =(H27-E27)/365 -> 0
P29: 경력합계 | R29: =SUM(R24:T28) -> 0
B30: 가 족 사 항 | E30: 성 명 | H30: 관 계 | J30: 생년월일 | M30: 직 업 | P30: 학력 | S30: 비고
E31: 이해종 | H31: 父 | J31: 1947.02.12 | M31: 無 | P31: 학사
E32: 홍선자 | H32: 母 | J32: 1951.12.15 | M32: 無 | P32: 학사
E33: 이승호 | H33: 동생 | J33: 1979.9.15 | M33: 회사원 | P33: 석사
E34: 이창호 | H34: 동생 | J34: 1981.7.23 | M34: 회사원 | P34: 석사

Sheet 최보나 퇴사
B1: 직원 인사 기록 카드
B2: =TODAY() -> 46113
B3: 입 사 일 자 | E3: 39356 | L3: 퇴 사 일 자 | O3: 41639 | W3: 소속본부 및 팀 | AA3: 연구소 | AE3: 학원개발지원파트
B5: 이 름 | E5: 최 보 나 | L5: 종 교 | R5: 사 진
B6: 생 년 월 일 | E6: 29181 | L6: 나 이 | N6: =DATEDIF(E6,TODAY(),"y") -> 46
B7: 주민등록번호 | E7: 791122-2558117 | L7: 근속연수 | N7: =(B2-E3)/365 -> 18.512329
B8: 현 주 소 | E8: 경기도 구리시 인창동 | L8: 대림2차 109-1501호
B9: 거 주 지 | E9: 상 동
B10: 전 화 번 호 | E10: 010-9166-5305 | M10: 결혼유무
B11: 자 격 사 항 | E11: 종 류 | J11: 취 득 일 | O11: 특 기
E12: OA산업기사 | J12: 2002.1
E13: 컴퓨터 운용기능사 | J13: 2003.11
B15: 병 력 사 항
E16: 기 간 | N16: 최종 계급
E17: 군 별 | N17: 병 과
B18: 학 력 | E18: 기 간 | I18: 학교 및 전공 | N18: 졸업년월 | Q18: 최종학력
E19: 1998.3~2002.2 | I19: 조선대학교 | K19: 선박해양학과 | N19: 2002.02 | Q19: 석사
E20: 2004.9~2005.2 | I20: 이화여대 | K20: 시각정보디자인 | N20: 2005.02
E21: 2005.3~2007.8 | I21: 이화여대 | K21: 시각정보디자인 | N21: 2007.08
B23: 경 력 | E23: 재 직 기 간 | K23: 근 무 부 서 | N23: 직 장 명 | P23: 직 위 | R23: 근 무 년 수
R24: =(H24-E24)/365 -> 0
R25: =(H25-E25)/365 -> 0
R26: =(H26-E26)/365 -> 0
R27: =(H27-E27)/365 -> 0
P29: 경력합계 | R29: =SUM(R24:T28) -> 0
B30: 가 족 사 항 | E30: 성 명 | H30: 관 계 | J30: 생년월일 | M30: 직 업 | P30: 학력 | S30: 비고
E31: 신문철 | H31: 남편 | J31: 29444 | M31: 직장인 | P31: 대학원졸
E32: 신예은 | H32: 자녀 | J32: 40153
E33: 신지우 | H33: 자녀 | J33: 41080

Sheet 강재석 퇴사
B1: 직원 인사 기록 카드
B2: =TODAY() -> 46113
B3: 입 사 일 자 | E3: 39143 | L3: 퇴 사 일 자 | O3: 41698 | W3: 소속본부 및 팀 | AA3: 연구소 | AE3: 이러닝디자인조판
B5: 이 름 | E5: 강 재 석 | L5: 종 교 | N5: 불교 | R5: 사 진
B6: 생 년 월 일 | E6: 27851 | L6: 나 이 | N6: =DATEDIF(E6,TODAY(),"y") -> 50
B7: 주민등록번호 | E7: 760725-1056917 | L7: 근속연수 | N7: =(B2-E3)/365 -> 19.09589
B8: 현 주 소 | E8: 서울 관악구 조원동 | K8: 1657-48 101호
B9: 거 주 지 | E9: 상동
B10: 전 화 번 호 | E10: 02-857-5671 | M10: 결혼유무
B11: 자 격 사 항 | E11: 종 류 | J11: 취 득 일 | O11: 특 기
B15: 병 력 사 항
E16: 기 간 | G16: 1998.01.06 ~ 2000.03.05 | N16: 최종 계급 | Q16: 병장
E17: 군 별 | G17: 육군 | N17: 병 과 | Q17: 1111
B18: 학 력 | E18: 기 간 | I18: 학교 및 전공 | N18: 졸업년월 | Q18: 최종학력
E19: 1996.3 ~ 2003.2 | I19: 성균관대 | L19: 디자인과 | N19: 2003. 02 | Q19: 대졸
B23: 경 력 | E23: 재 직 기 간 | K23: 근 무 부 서 | N23: 직 장 명 | P23: 직 위 | R23: 근 무 년 수
E24: 37257 | H24: 37987 | K24: 그래픽팀 | N24: KBS | P24: 직원 | R24: =(H24-E24)/365 -> 2
E25: 37987 | H25: 38353 | K25: 플래시팀 | N25: 이북플러스 | P25: 디자이너 | R25: =(H25-E25)/365 -> 1.0027397
E26: 38353 | H26: 38899 | K26: 그래픽팀 | N26: 지젤커뮤니케이션 | P26: 디자이너 | R26: =(H26-E26)/365 -> 1.4958904
R27: =(H27-E27)/365 -> 0
R28: =(H28-E28)/365 -> 0
P29: 경력합계 | R29: =SUM(R24:T28) -> 4.4986301
B30: 가 족 사 항 | E30: 성 명 | H30: 관 계 | J30: 생년월일 | M30: 직 업 | P30: 학력 | S30: 비고
E31: 김정현 | H31: 모 | J31: 1953.04.25 | M31: 상업 | P31: 중졸

Sheet 유종찬 퇴사
B1: 직원 인사 기록 카드
B2: =TODAY() -> 46113
B3: 입 사 일 자 | E3: 40848 | L3: 퇴 사 일 자 | O3: 41730 | W3: 소속본부 및 팀 | AA3: 연구소 | AE3: 이러닝디자인조판
B5: 이 름 | E5: 유 종 찬 | L5: 종 교 | R5: 사 진
B6: 생 년 월 일 | E6: 29695 | L6: 나 이 | N6: =DATEDIF(E6,TODAY(),"y") -> 44
B7: 주민등록번호 | E7: 810419-1080016 | L7: 근속연수 | N7: =(B2-E3)/365 -> 14.424658
B8: 현 주 소 | E8: 서울시 관악구 | K8: 신림본동 1637-18 302호
B9: 거 주 지 | E9: 상동
B10: 전 화 번 호 | E10: 010-9032-4191 | M10: 결혼유무
B11: 자 격 사 항 | E11: 종 류 | J11: 취 득 일 | O11: 특 기
E12: ITQ 한글 A등급 | J12: 04.04.07
E13: ITQ 인터넷 C등급 | J13: 04.06.08
E14: GTQ 그래픽 기술자격 2급 | J14: 11.02.11
B15: 병 력 사 항
E16: 기 간 | G16: 01.08. ~ 03.10. | N16: 최종 계급 | Q16: 병장
E17: 군 별 | G17: 육군 | N17: 병 과 | Q17: 화학
B18: 학 력 | E18: 기 간 | I18: 학교 및 전공 | N18: 졸업년월 | Q18: 최종학력
E19: 97.03. ~ 00.02 | I19: 화곡고등학교 | N19: 2000 | Q19: 고졸
B23: 경 력 | E23: 재 직 기 간 | K23: 근 무 부 서 | N23: 직 장 명 | P23: 직 위 | R23: 근 무 년 수
E24: 38078 | H24: 38442 | K24: 교재연구 | N24: LEL어학원 | P24: 사원 | R24: =(H24-E24)/365 -> 0.99726027
E25: 38777 | H25: 39629 | K25: 경영지원 | N25: 중앙일보 에듀라인 | P25: 사원 | R25: =(H25-E25)/365 -> 2.3342466
E26: 40360 | H26: 40543 | K26: 조판 | N26: 오메가포인트 | P26: 파트타임 | R26: =(H26-E26)/365 -> 0.50136986
E27: 40575 | H27: 40847 | K27: 조판 | N27: 오메가포인트 | P27: 계약 | R27: =(H27-E27)/365 -> 0.74520548
R28: =(H28-E28)/365 -> 0
P29: 경력합계 | R29: =SUM(R24:T28) -> 4.5780822
B30: 가 족 사 항 | E30: 성 명 | H30: 관 계 | J30: 생년월일 | M30: 직 업 | P30: 학력 | S30: 비고
E31: 유부곤 | H31: 부 | J31: 53.12.07 | M31: 무직 | P31: 고졸
E32: 윤우현 | H32: 모 | J32: 50.02.01 | M32: 가사 | P32: 고졸
E33: 유경화 | H33: 자 | J33: 77.11.10 | M33: 회사원 | P33: 대졸

Sheet 박용희 퇴사
B1: 직원 인사 기록 카드
B2: =TODAY() -> 46113
B3: 입 사 일 자 | E3: 41442 | L3: 퇴 사 일 자 | O3: 41973 | W3: 소속본부 및 팀 | AA3: 연구소 | AE3: 마케팅기획팀
B5: 이 름 | E5: 박 용 희 | L5: 종 교 | R5: 사 진
B6: 생 년 월 일 | E6: 28272 | L6: 나 이 | N6: =DATEDIF(E6,TODAY(),"y") -> 48
B7: 주민등록번호 | E7: 770527-1011719 | L7: 근속연수 | N7: =(B2-E3)/365 -> 12.79726
B8: 현 주 소 | E8: 경기도 용인시 수지구 | L8: 수풍로 16 101-1104호
B9: 거 주 지 | E9: 상 동
B10: 전 화 번 호 | E10: 010-2623-9982 | M10: 결혼유무
B11: 자 격 사 항 | E11: 종 류 | J11: 취 득 일 | O11: 특 기
B15: 병 력 사 항
E16: 기 간 | N16: 최종 계급 | Q16: 병장
E17: 군 별 | G17: 육군 | N17: 병 과
B18: 학 력 | E18: 기 간 | I18: 학교 및 전공 | N18: 졸업년월 | Q18: 최종학력
E19: 35123 | I19: 서울청량고등학교 | N19: 38384 | Q19: 대졸
E20: 1996-03-02~2004-02-28 | I20: 한양대학교 | K20: 프랑스어학 | N20: 40940
B23: 경 력 | E23: 재 직 기 간 | K23: 근 무 부 서 | N23: 직 장 명 | P23: 직 위 | R23: 근 무 년 수
E24: 39845 | H24: 41060 | K24: 교재사업팀 | N24: ㈜정상제이엘에스 | P24: 3급 비보직자 | R24: =(H24-E24)/365 -> 3.3287671
E25: 39479 | H25: 39844 | K25: 학원사업본부 | N25: ㈜대교 | P25: 계장 | R25: =(H25-E25)/365 -> 1
R26: =(H26-E26)/365 -> 0
R27: =(H27-E27)/365 -> 0
P29: 경력합계 | R29: =SUM(R24:T28) -> 4.3287671
B30: 가 족 사 항 | E30: 성 명 | H30: 관 계 | J30: 생년월일 | M30: 직 업 | P30: 학력 | S30: 비고

Sheet 김란아 퇴사
B1: 직원 인사 기록 카드
B2: =TODAY() -> 46113
B3: 입 사 일 자 | E3: 41554 | L3: 퇴 사 일 자 | O3: 41842 | W3: 소속본부 및 팀 | AA3: 출판사업본부 | AE3: 출판개발팀
B5: 이 름 | E5: 김 란 아 | L5: 종 교 | R5: 사 진
B6: 생 년 월 일 | E6: 31703 | L6: 나 이 | N6: =DATEDIF(E6,TODAY(),"y") -> 39
B7: 주민등록번호 | E7: 861018-2155618 | L7: 근속연수 | N7: =(B2-E3)/365 -> 12.490411
B8: 현 주 소 | E8: 인천 계양구 작전동 | L8: 현대아파트 201-803호
B9: 거 주 지 | E9: 상 동
B10: 전 화 번 호 | E10: 010-2366-4122 | M10: 결혼유무
B11: 자 격 사 항 | E11: 종 류 | J11: 취 득 일 | O11: 특 기
B15: 병 력 사 항
E16: 기 간 | N16: 최종 계급
E17: 군 별 | N17: 병 과
B18: 학 력 | E18: 기 간 | I18: 학교 및 전공 | N18: 졸업년월 | Q18: 최종학력
E19: 2002.03~2005.02 | I19: 부광여자고등학교 | N19: 38384 | Q19: 대졸
E20: 2006.03~2010.02 | I20: 중앙대학교 | K20: 가정교육(수학과) | N20: 40210
B23: 경 력 | E23: 재 직 기 간 | K23: 근 무 부 서 | N23: 직 장 명 | P23: 직 위 | R23: 근 무 년 수
E24: 40756 | H24: 40908 | N24: 서울중경교육학교 | R24: =(H24-E24)/365 -> 0.41643836
E25: 40969 | H25: 41274 | N25: 인천원당고 | R25: =(H25-E25)/365 -> 0.83561644
E26: 41334 | H26: 41486 | N26: 인천원당고 | R26: =(H26-E26)/365 -> 0.41643836
R27: =(H27-E27)/365 -> 0
P29: 경력합계 | R29: =SUM(R24:T28) -> 1.6684932
B30: 가 족 사 항 | E30: 성 명 | H30: 관 계 | J30: 생년월일 | M30: 직 업 | P30: 학력 | S30: 비고
E31: 김은극 | H31: 부 | J31: 20353
E32: 이진숙 | H32: 모 | J32: 22056

Sheet 김세영 퇴사
B1: 직원 인사 기록 카드
B2: =TODAY() -> 46113
B3: 입 사 일 자 | E3: 41640 | L3: 퇴 사 일 자 | O3: 41851 | W3: 소속본부 및 팀 | AA3: 연구소 | AE3: 학원개발지원
B5: 이 름 | E5: 김 세 영 | L5: 종 교 | R5: 사 진
B6: 생 년 월 일 | E6: 30644 | L6: 나 이 | N6: =DATEDIF(E6,TODAY(),"y") -> 42
B7: 주민등록번호 | E7: 831124-2163412 | L7: 근속연수 | N7: =(B2-E3)/365 -> 12.254795
B8: 현 주 소 | E8: 경기도 수원시 영통구 영통1동 | L8: 청명마을3단지 대우@304-1502호
B9: 거 주 지 | E9: 상 동
B10: 전 화 번 호 | E10: 010-4145-3768 | M10: 결혼유무
B11: 자 격 사 항 | E11: 종 류 | J11: 취 득 일 | O11: 특 기
E12: 교원자격증 정교사2급(수학) | J12: 40046
E13: MOS 파워포인트 | J13: 38742
E14: 워드프로세서 2급 | J14: 36647
B15: 병 력 사 항
E16: 기 간 | N16: 최종 계급
E17: 군 별 | N17: 병 과
B18: 학 력 | E18: 기 간 | I18: 학교 및 전공 | N18: 졸업년월 | Q18: 최종학력
E19: 1999.03~2002.02 | I19: 청명 고등학교 | N19: 37288 | Q19: 석사
E20: 2002.03~2007.08 | I20: 아주대학교 | K20: 수학과 | N20: 39315
E21: 2007.08~2009.08 | I21: 아주대학원 | L21: 수학교육 | N21: 40046
B23: 경 력 | E23: 재 직 기 간 | K23: 근 무 부 서 | N23: 직 장 명 | P23: 직 위 | R23: 근 무 년 수
E24: 39934 | H24: 41182 | N24: KAGE 영재교육학술원 | P24: 연구원 | R24: =(H24-E24)/365 -> 3.4191781
E25: 41153 | H25: 41639 | N25: ㈜미래엔 | P25: 사원 | R25: =(H25-E25)/365 -> 1.3315068
P29: 경력합계 | R29: =SUM(R24:T28) -> 4.7506849
B30: 가 족 사 항 | E30: 성 명 | H30: 관 계 | J30: 생년월일 | M30: 직 업 | P30: 학력 | S30: 비고
E31: 김진규 | H31: 부 | J31: 1951 | M31: 부사장 | P31: 대학원졸
E32: 윤정순 | H32: 모 | J32: 1955 | M32: 주부 | P32: 대졸
E33: 김진영 | H33: 오빠 | J33: 1982 | M33: 의사 | P33: 대졸

Sheet 노정현 퇴사
B1: 직원 인사 기록 카드
B2: =TODAY() -> 46113
B3: 입 사 일 자 | E3: 40452 | L3: 퇴 사 일 자 | O3: 41973 | W3: 소속본부 및 팀 | AA3: 중등사업본부 | AE3: 중등개발팀
B5: 이 름 | E5: 노 정 현 | L5: 종 교 | N5: 기독교 | R5: 사 진
B6: 생 년 월 일 | E6: 28817 | L6: 나 이 | N6: =DATEDIF(E6,TODAY(),"y") -> 47
B7: 주민등록번호 | E7: 781123-2012011 | L7: 근속연수 | N7: =(B2-E3)/365 -> 15.509589
B8: 현 주 소 | E8: 경기도 성남시 분당구 | K8: 수내동 양지마을 청구 아파트 601동 1202호
B9: 거 주 지 | E9: 경기도 성남시 분당구 수내동 양지마을 청구 아파트 601동 1202호
B10: 전 화 번 호 | E10: 010-3259-0283 | M10: 결혼유무
B11: 자 격 사 항 | E11: 종 류 | J11: 취 득 일 | O11: 특 기
B15: 병 력 사 항
E16: 기 간 | N16: 최종 계급
E17: 군 별 | N17: 병 과
B18: 학 력 | E18: 기 간 | I18: 학교 및 전공 | N18: 졸업년월 | Q18: 최종학력
E19: 1994~1996 | I19: 대원여자고등학교 | N19: 1997.02 | Q19: 대졸
E20: 1998~2002 | I20: 경희대학교 | L20: 산업공학 | N20: 2003.02
E21: 2007 | I21: 고려대교육대학원영재교육 | N21: 재적
B23: 경 력 | E23: 재 직 기 간 | K23: 근 무 부 서 | N23: 직 장 명 | P23: 직 위 | R23: 근 무 년 수
E24: 37408 | H24: 37741 | K24: 경시 | N24: 한솔학원 | P24: 강사 | R24: =(H24-E24)/365 -> 0.91232877
E25: 37742 | H25: 38137 | K25: 민사고 | N25: 페르마학원 | P25: 강사 | R25: =(H25-E25)/365 -> 1.0821918
E26: 38565 | H26: 39447 | K26: 민사고 | N26: 힘수학 | P26: 팀장 | R26: =(H26-E26)/365 -> 2.4164384
E27: 39459 | H27: 40390 | K27: 교재연구 | N27: 힘수학 | P27: 차장 | R27: =(H27-E27)/365 -> 2.5506849
E28: 40238 | H28: 2010-06-31 | K28: 외부강사 | N28: 대원국제중 | P28: 강사 | R28: =(H28-E28)/365 -> #VALUE!
P29: 경력합계 | R29: =SUM(R24:T28) -> #VALUE!
B30: 가 족 사 항 | E30: 성 명 | H30: 관 계 | J30: 생년월일 | M30: 직 업 | P30: 학력 | S30: 비고
E31: 노상구 | H31: 부 | M31: 자영업 | P31: 고졸
E32: 방미자 | H32: 모 | M32: 주부 | P32: 고졸
E33: 노지현 | H33: 매 | M33: 신라호텔 | P33: 전졸

Sheet 이종명 퇴사
B1: 직원 인사 기록 카드
B2: =TODAY() -> 46113
B3: 입 사 일 자 | E3: 40933 | L3: 퇴 사 일 자 | O3: 42063 | W3: 소속본부 및 팀 | AA3: 경영지원본부 | AE3: 경영지원팀
B5: 이 름 | E5: 이 종 명 | L5: 종 교 | N5: 기독교 | R5: 사 진
B6: 생 년 월 일 | E6: 28915 | L6: 나 이 | N6: =DATEDIF(E6,TODAY(),"y") -> 47
B7: 주민등록번호 | E7: 790301-1236911 | L7: 근속연수 | N7: =(B2-E3)/365 -> 14.191781
B8: 현 주 소 | E8: 경기도 광주시 쌍령동 | K8: 경충대로 1422번길 101-101호
B9: 거 주 지 | E9: 경기도 광주시 경충대로 1422번길 41, 101동 101호
B10: 전 화 번 호 | E10: 010-4416-3168 | M10: 결혼유무
B11: 자 격 사 항 | E11: 종 류 | J11: 취 득 일 | O11: 특 기 | R11: 골프
E12: 운전면허1종 보통 | R12: 글쓰기
B15: 병 력 사 항
E16: 기 간 | G16: 1999.06 | N16: 최종 계급 | Q16: 병장
E17: 군 별 | G17: 육군 | N17: 병 과 | Q17: 소총수
B18: 학 력 | E18: 기 간 | I18: 학교 및 전공 | N18: 졸업년월 | Q18: 최종학력
E19: 1997.03 ~ 2004.02 | I19: 청운대학교 | N19: 2004 | Q19: 석사
E20: 2004.02 ~ 2006.08 | I20: 청운대학교 | L20: 정보산업대학원 | N20: 2006
B23: 경 력 | E23: 재 직 기 간 | K23: 근 무 부 서 | N23: 직 장 명 | P23: 직 위 | R23: 근 무 년 수
E24: 39281 | H24: 40482 | K24: 인사총무/구매전략 | N24: 성우전자㈜ | P24: 계장 | R24: =(H24-E24)/365 -> 3.290411
E25: 40485 | H25: 40731 | K25: 경영지원 | N25: (주)한국카스코 | P25: 계장 | R25: =(H25-E25)/365 -> 0.6739726
R26: =(H26-E26)/365 -> 0
R27: =(H27-E27)/365 -> 0
R28: =(H28-E28)/365 -> 0
P29: 경력합계 | R29: =SUM(R24:T28) -> 3.9643836
B30: 가 족 사 항 | E30: 성 명 | H30: 관 계 | J30: 생년월일 | M30: 직 업 | P30: 학력 | S30: 비고
E31: 강미영 | H31: 처 | J31: 1978.06.28 | M31: 사무직 | P31: 대졸
E32: 이승호 | H32: 자 | J32: 2009.08.18

Sheet 김재근_퇴사
B1: 직원 인사 기록 카드
B2: =TODAY() -> 46113
B3: 입 사 일 자 | E3: 39661 | L3: 퇴 사 일 자 | W3: 소속본부 및 팀 | AA3: 총괄사업본부
B5: 이 름 | E5: 김 재 근 | L5: 종 교 | R5: 사 진
B6: 생 년 월 일 | E6: 22534 | L6: 나 이 | N6: =DATEDIF(E6,TODAY(),"y") -> 64
B7: 주민등록번호 | E7: 610910-1683113 | L7: 근속연수 | N7: =(B2-E3)/365 -> 17.676712
B8: 현 주 소 | E8: 경기도 고양시 일산동구 | K8: 정발산동785 아이스페이스 1603호
B9: 거 주 지 | E9: 상동
B10: 전 화 번 호 | E10: 031-922-1507 | M10: 결혼유무
B11: 자 격 사 항 | E11: 종 류 | J11: 취 득 일 | O11: 특 기
B15: 병 력 사 항
E16: 기 간 | N16: 최종 계급
E17: 군 별 | N17: 병 과
B18: 학 력 | E18: 기 간 | I18: 학교 및 전공 | N18: 졸업년월 | Q18: 최종학력
E19: 1981.03 ~ 1987.02 | I19: 서울대학교 | L19: 철학과 | N19: 1987.02 | Q19: 대졸
B23: 경 력 | E23: 재 직 기 간 | K23: 근 무 부 서 | N23: 직 장 명 | P23: 직 위 | R23: 근 무 년 수
E24: 32509 | H24: 33239 | K24: 무역부 | N24: 수산무역 | P24: 대리 | R24: =(H24-E24)/365 -> 2
E25: 33239 | H25: 33604 | K25: 한국지사 | N25: 암스트롱 | P25: 과장 | R25: =(H25-E25)/365 -> 1
E26: 33604 | H26: 35431 | K26: 신사업기획 | N26: 웅진미디어 | P26: 과장 | R26: =(H26-E26)/365 -> 5.0054795
E27: 35796 | H27: 37257 | N27: 아시아비전 | P27: 임원 | R27: =(H27-E27)/365 -> 4.0027397
E28: 37622 | H28: 39448 | N28: 시매쓰 후곡점 | P28: 원장 | R28: =(H28-E28)/365 -> 5.0027397
P29: 경력합계 | R29: =SUM(R24:T28) -> 17.010959
B30: 가 족 사 항 | E30: 성 명 | H30: 관 계 | J30: 생년월일 | M30: 직 업 | P30: 학력 | S30: 비고
E31: 박은숙 | H31: 배우자 | J31: 24493 | P31: 대졸
E32: 김장현 | H32: 자 | J32: 33955 | P32: 학생
E33: 김채연 | H33: 자 | J33: 34991 | P33: 학생

Sheet 정혜영_퇴사
B1: 직원 인사 기록 카드
B2: =TODAY() -> 46113
B3: 입 사 일 자 | E3: 40910 | L3: 퇴 사 일 자 | W3: 소속본부 및 팀 | AA3: 출판사업본부 | AE3: 출판개발팀
B5: 이 름 | E5: 정 혜 영 | L5: 종 교 | N5: 천주교 | R5: 사 진
B6: 생 년 월 일 | E6: 29956 | L6: 나 이 | N6: =DATEDIF(E6,TODAY(),"y") -> 44
B7: 주민등록번호 | E7: 820105-2156311 | L7: 근속연수 | N7: =(B2-E3)/365 -> 14.254795
B8: 현 주 소 | E8: 경기도 성남시 분당구 | K8: 수내동 양지마을 청구A 205동 2302호
B9: 거 주 지 | E9: 상동
B10: 전 화 번 호 | E10: 031-718-7289(HP 010-7105-8215) | M10: 결혼유무
B11: 자 격 사 항 | E11: 종 류 | J11: 취 득 일 | O11: 특 기
E12: 컬러리스트 기사
B15: 병 력 사 항
E16: 기 간 | N16: 최종 계급
E17: 군 별 | N17: 병 과
B18: 학 력 | E18: 기 간 | I18: 학교 및 전공 | N18: 졸업년월 | Q18: 최종학력
E19: 2000. 3 ~ 2005. 2 | I19: 한성대학교 | L19: 의류패션 | N19: 2005년 2월 | Q19: 대졸
E20: 2010. 3 ~ 2012. 2 | I20: 한양사이버대학교 | L20: 아동학과 | N20: 2012년 2월
B23: 경 력 | E23: 재 직 기 간 | K23: 근 무 부 서 | N23: 직 장 명 | P23: 직 위 | R23: 근 무 년 수
E24: 39874 | H24: 40816 | K24: 편집부 | N24: 성우출판사 | P24: 대리 | R24: =(H24-E24)/365 -> 2.5808219
E25: 39363 | H25: 39872 | K25: 국제승원팀 | N25: ㈜대한항공 | P25: 사원 | R25: =(H25-E25)/365 -> 1.3945205
E26: 38656 | H26: 38960 | K26: 디자인개발팀 | N26: ㈜오앤유 | P26: 사원 | R26: =(H26-E26)/365 -> 0.83287671
R27: =(H27-E27)/365 -> 0
R28: =(H28-E28)/365 -> 0
P29: 경력합계 | R29: =SUM(R24:T28) -> 4.8082192
B30: 가 족 사 항 | E30: 성 명 | H30: 관 계 | J30: 생년월일 | M30: 직 업 | P30: 학력 | S30: 비고
E31: 정진수 | H31: 父 | J31: 19923 | M31: 無 | P31: 대졸 | S31: 퇴직
E32: 김순이 | H32: 母 | J32: 21462 | M32: 無 | P32: 대졸
E33: 정선영 | H33: 弟 | J33: 30762 | M33: 의류업 | P33: 대졸
E34: 정원혁 | H34: 弟 | J34: 31783 | M34: 학생 | P34: 고졸

Sheet 유민재_퇴사
B1: 직원 인사 기록 카드
B2: =TODAY() -> 46113
B3: 입 사 일 자 | E3: 40225 | L3: 퇴 사 일 자 | W3: 소속본부 및 팀 | AA3: 총괄사업본부 | AE3: 학원영업팀
B5: 이 름 | E5: 유 민 재 | L5: 종 교 | N5: 천주교 | R5: 사 진
B6: 생 년 월 일 | E6: 29416 | L6: 나 이 | N6: =DATEDIF(E6,TODAY(),"y") -> 45
B7: 주민등록번호 | E7: 800714-1005915 | L7: 근속연수 | N7: =(B2-E3)/365 -> 16.131507
B8: 현 주 소 | E8: 서울시 강남구 일원동 | L8: 654번지 204호
B9: 거 주 지 | E9: 상동
B10: 전 화 번 호 | E10: 010-9856-0511 | M10: 결혼유무
B11: 자 격 사 항 | E11: 종 류 | J11: 취 득 일 | O11: 특 기 | R11: 작문
E12: 컴퓨터활용능력 2급 | J12: 2002.10.05
E13: TIQ인터넷실무능력 | J13: 2002.06.04
E14: 워드프로세서1급 | J14: 2003.07.03
B15: 병 력 사 항
E16: 기 간 | G16: 2000.07~2003.01 | N16: 최종 계급 | Q16: 병장
E17: 군 별 | G17: 공군 | N17: 병 과 | Q17: 인사
B18: 학 력 | E18: 기 간 | I18: 학교 및 전공 | N18: 졸업년월 | Q18: 최종학력
E19: 1996.03~1999.02 | I19: 분당고등학교 | N19: 1999.02 | Q19: 대졸
E20: 1999.03~2005.08 | I20: 고려대학교 | L20: 심리학 | N20: 2005.08
B23: 경 력 | E23: 재 직 기 간 | K23: 근 무 부 서 | N23: 직 장 명 | P23: 직 위 | R23: 근 무 년 수
E24: 38596 | H24: 38929 | K24: 모의고사운영 | N24: 비상에듀 | P24: 사원 | R24: =(H24-E24)/365 -> 0.91232877
E25: 38930 | H25: 39844 | K25: 사업기획팀 | N25: 엘림에듀 | P25: 대리 | R25: =(H25-E25)/365 -> 2.5041096
E26: 39845 | H26: 40224 | K26: 제휴영업팀 | N26: 카젠 | P26: 대리 | R26: =(H26-E26)/365 -> 1.0383562
P29: 경력합계 | R29: =SUM(R24:T28) -> 4.4547945
B30: 가 족 사 항 | E30: 성 명 | H30: 관 계 | J30: 생년월일 | M30: 직 업 | P30: 학력 | S30: 비고
E31: 유병호 | H31: 父 | J31: 19453 | M31: 건축업 | P31: 대졸
E32: 조현숙 | H32: 母 | J32: 20827 | M32: 가사 | P32: 고졸
E33: 유유나 | H33: 妹 | J33: 30259 | M33: 가사 | P33: 대졸

Sheet 오준영_퇴사
B1: 직원 인사 기록 카드
B2: =TODAY() -> 46113
B3: 입 사 일 자 | E3: 40973 | L3: 퇴 사 일 자 | W3: 소속본부 및 팀 | AA3: 경영지원본부 | AE3: 경영지원팀
B5: 이 름 | E5: 오 준 영 | L5: 종 교 | R5: 사 진
B6: 생 년 월 일 | E6: 31651 | L6: 나 이 | N6: =DATEDIF(E6,TODAY(),"y") -> 39
B7: 주민등록번호 | E7: 860827-1065417 | L7: 근속연수 | N7: =(B2-E3)/365 -> 14.082192
B8: 현 주 소 | E8: 경기도 광명시 광명5동 | L8: 현진에버빌 104동 402호
B9: 거 주 지 | E9: 상 동
B10: 전 화 번 호 | E10: 010-9290-1567 | M10: 결혼유무
B11: 자 격 사 항 | E11: 종 류 | J11: 취 득 일 | O11: 특 기
E12: 전산회계2급 | J12: 40452
B15: 병 력 사 항
E16: 기 간 | N16: 최종 계급 | Q16: 병장
E17: 군 별 | G17: 육군 | N17: 병 과
B18: 학 력 | E18: 기 간 | I18: 학교 및 전공 | N18: 졸업년월 | Q18: 최종학력
E19: 38387 | I19: 양천고등학교 | N19: 35123 | Q19: 대졸
E20: 2005.03 ~ 2012.02 | I20: 백석대학교 | K20: 국문학(복수:경영) | N20: 38045
B23: 경 력 | E23: 재 직 기 간 | K23: 근 무 부 서 | N23: 직 장 명 | P23: 직 위 | R23: 근 무 년 수
R24: =(H24-E24)/365 -> 0
R25: =(H25-E25)/365 -> 0
R26: =(H26-E26)/365 -> 0
R27: =(H27-E27)/365 -> 0
P29: 경력합계 | R29: =SUM(R24:T28) -> 0
B30: 가 족 사 항 | E30: 성 명 | H30: 관 계 | J30: 생년월일 | M30: 직 업 | P30: 학력 | S30: 비고
E31: 오 수 진 | H31: 부 | J31: 21093
E32: 김 순 애 | H32: 모 | J32: 22341
E33: 오 준 영 | H33: 본인 | J33: 31651
E34: 오 대 영 | H34: 남동생 | J34: 32540

Sheet 배은서_퇴사
B1: 직원 인사 기록 카드
B2: =TODAY() -> 46113
B3: 입 사 일 자 | E3: 41442 | L3: 퇴 사 일 자 | W3: 소속본부 및 팀 | AA3: 연구소 | AE3: 마케팅기획팀
B5: 이 름 | E5: 배 은 서 | L5: 종 교 | R5: 사 진
B6: 생 년 월 일 | E6: 30820 | L6: 나 이 | N6: =DATEDIF(E6,TODAY(),"y") -> 41
B7: 주민등록번호 | E7: 840518-2024717 | L7: 근속연수 | N7: =(B2-E3)/365 -> 12.79726
B8: 현 주 소 | E8: 서울시 서초구 잠원동 | L8: 신반포아파트2차 112-103호
B9: 거 주 지 | E9: 상 동
B10: 전 화 번 호 | E10: 010-4078-0304 | M10: 결혼유무
B11: 자 격 사 항 | E11: 종 류 | J11: 취 득 일 | O11: 특 기
B15: 병 력 사 항
E16: 기 간 | N16: 최종 계급
E17: 군 별 | N17: 병 과
B18: 학 력 | E18: 기 간 | I18: 학교 및 전공 | N18: 졸업년월 | Q18: 최종학력
E19: 2000.03~2003.02 | I19: 이화여자고등학교 | N19: 37653 | Q19: 대졸
E20: 2005.03~2010.08 | I20: 중앙대학교 | K20: 경제학 | N20: 40421
B23: 경 력 | E23: 재 직 기 간 | K23: 근 무 부 서 | N23: 직 장 명 | P23: 직 위 | R23: 근 무 년 수
E24: 40148 | H24: 41030 | K24: 홍보팀 | N24: ㈜창의와탐구 | P24: 사원 | R24: =(H24-E24)/365 -> 2.4164384
E25: 41153 | H25: 41334 | K25: 홍보팀 | N25: ㈜휴넷 | P25: 사원 | R25: =(H25-E25)/365 -> 0.49589041
R26: =(H26-E26)/365 -> 0
R27: =(H27-E27)/365 -> 0
P29: 경력합계 | R29: =SUM(R24:T28) -> 2.9123288
B30: 가 족 사 항 | E30: 성 명 | H30: 관 계 | J30: 생년월일 | M30: 직 업 | P30: 학력 | S30: 비고
E31: 배삼복 | H31: 부 | J31: 20935 | M31: 개인사업 | P31: 고졸
E32: 유명자 | H32: 모 | J32: 21738 | M32: 가사 | P32: 고졸
E33: 배은희 | H33: 동생 | J33: 34990 | M33: 고등학생 | P33: 학생

Sheet 명수진_퇴사
B1: 직원 인사 기록 카드
B2: =TODAY() -> 46113
B3: 입 사 일 자 | E3: 41554 | L3: 퇴 사 일 자 | W3: 소속본부 및 팀 | AA3: 연구소 | AE3: 학원개발지원
B5: 이 름 | E5: 명 수 진 | L5: 종 교 | R5: 사 진
B6: 생 년 월 일 | E6: 29945 | L6: 나 이 | N6: =DATEDIF(E6,TODAY(),"y") -> 44
B7: 주민등록번호 | E7: 811225-2469310 | L7: 근속연수 | N7: =(B2-E3)/365 -> 12.490411
B8: 현 주 소 | E8: 서울 강동구 천호3동 | L8: 삼성아파트 101-403호
B9: 거 주 지 | E9: 상 동
B10: 전 화 번 호 | E10: 010-7152-9334 | M10: 결혼유무
B11: 자 격 사 항 | E11: 종 류 | J11: 취 득 일 | O11: 특 기
B15: 병 력 사 항
E16: 기 간 | N16: 최종 계급
E17: 군 별 | N17: 병 과
B18: 학 력 | E18: 기 간 | I18: 학교 및 전공 | N18: 졸업년월 | Q18: 최종학력
E19: 2000.02 졸업 | I19: 서울대사범대부속고등학교 | N19: 36584 | Q19: 대졸
E20: 2000.03~2004.08 | I20: 서울시립대 | K20: 수학학과 | N20: 38227 | Q20: 석사수료
E21: 2005.03~2007.02 | I21: 서울대 석사과정(수학교육학) | N21: 수료
B23: 경 력 | E23: 재 직 기 간 | K23: 근 무 부 서 | N23: 직 장 명 | P23: 직 위 | R23: 근 무 년 수
E24: 40878 | H24: 41455 | K24: 수학부서 | N24: 에듀빅 | P24: 팀원 | R24: =(H24-E24)/365 -> 1.5808219
E25: 40330 | H25: 40877 | K25: 디지털컨텐츠 | N25: 웅진 싱크빅 | P25: 팀원 | R25: =(H25-E25)/365 -> 1.4986301
E26: 39995 | H26: 40328 | K26: 편집부 | N26: 해맑음기획 | P26: 팀원 | R26: =(H26-E26)/365 -> 0.91232877
E27: 39508 | H27: 39933 | K27: 고등수학부 | N27: 송파페르마학원 | P27: 강사 | R27: =(H27-E27)/365 -> 1.1643836
P29: 경력합계 | R29: =SUM(R24:T28) -> 5.1561644
B30: 가 족 사 항 | E30: 성 명 | H30: 관 계 | J30: 생년월일 | M30: 직 업 | P30: 학력 | S30: 비고
E31: 명제영 | H31: 부 | J31: 22630
E32: 오미환 | H32: 모 | J32: 22830
E33: 명지은 | H33: 언니 | J33: 29329

Sheet 마세영_퇴사
B1: 직원 인사 기록 카드
B2: =TODAY() -> 46113
B3: 입 사 일 자 | E3: 41715 | L3: 퇴 사 일 자 | W3: 소속본부 및 팀 | AA3: 연구소 | AE3: 이러닝팀
B5: 이 름 | E5: 마 세 영 | L5: 종 교 | R5: 사 진
B6: 생 년 월 일 | E6: 29462 | L6: 나 이 | N6: =DATEDIF(E6,TODAY(),"y") -> 45
B7: 주민등록번호 | E7: 800829-2547517 | L7: 근속연수 | N7: =(B2-E3)/365 -> 12.049315
B8: 현 주 소 | E8: 서울시 광진구 구의동 | L8: 251-57번지 101호
B9: 거 주 지 | E9: 상 동
B10: 전 화 번 호 | E10: 010-6244-3079 | M10: 결혼유무
B11: 자 격 사 항 | E11: 종 류 | J11: 취 득 일 | O11: 특 기
B15: 병 력 사 항
E16: 기 간 | N16: 최종 계급
E17: 군 별 | N17: 병 과
B18: 학 력 | E18: 기 간 | I18: 학교 및 전공 | N18: 졸업년월 | Q18: 최종학력
I19: 대전여자상업고등학교 | N19: 36192 | Q19: 학사
I20: 우송정보대학 | K20: 시각디자인과 | N20: 36923
I21: 서울디지털대학 | L21: 디자인영상학부 | N21: 39845
B23: 경 력 | E23: 재 직 기 간 | K23: 근 무 부 서 | N23: 직 장 명 | P23: 직 위 | R23: 근 무 년 수
E24: 36861 | H24: 37133 | K24: 애니메이션제작 | N24: 캐릭터아이넷 | R24: =(H24-E24)/365 -> 0.74520548
E25: 37135 | H25: 37225 | K25: 애니메이션제작 | N25: IMT소프트 | R25: =(H25-E25)/365 -> 0.24657534
E26: 38018 | H26: 39171 | K26: 웹컨텐츠제작 | N26: 텔미정보통신㈜ | R26: =(H26-E26)/365 -> 3.1589041
E27: 39173 | H27: 39506 | K27: 디자이너 | N27: 에스케이네트워크인터넷㈜ | R27: =(H27-E27)/365 -> 0.91232877
E28: 39539 | H28: 39994 | K28: 책디자인 | N28: ㈜씨엠투 | R28: =(H28-E28)/365 -> 1.2465753
E29: 39995 | H29: 41394 | K29: 디자이너 | N29: ㈜디스아인 | R29: =(H29-E29)/365 -> 3.8328767 | U29: =R24+R25+R26+R27+R28+R29 -> 10.142466
B30: 가 족 사 항 | E30: 성 명 | H30: 관 계 | J30: 생년월일 | M30: 직 업 | P30: 학력 | S30: 비고

Sheet 김민식_퇴사
B1: 직원 인사 기록 카드
B2: =TODAY() -> 46113
B3: 입 사 일 자 | E3: 39995 | L3: 퇴 사 일 자 | W3: 소속본부 및 팀 | AA3: 출판사업본부 | AE3: 출판개발팀
B5: 이 름 | E5: 김 민 식 | L5: 종 교 | R5: 사 진
B6: 생 년 월 일 | E6: 26004 | L6: 나 이 | N6: =DATEDIF(E6,TODAY(),"y") -> 55
B7: 주민등록번호 | E7: 710312-1025628 | L7: 근속연수 | N7: =(B2-E3)/365 -> 16.761644
B8: 현 주 소 | E8: 서울시 노원구 중계본동 | K8: 현대1차 111-503호
B9: 거 주 지
B10: 전 화 번 호 | E10: 02-6223-2295 | M10: 결혼유무
B11: 자 격 사 항 | E11: 종 류 | J11: 취 득 일 | O11: 특 기
B15: 병 력 사 항
E16: 기 간 | G16: 1994.5~1996.7 | N16: 최종 계급 | Q16: 병장
E17: 군 별 | G17: 육군 | N17: 병 과
B18: 학 력 | E18: 기 간 | I18: 학교 및 전공 | N18: 졸업년월 | Q18: 최종학력
E19: 1987.3.~1990.2. | I19: 휘문고등학교 | N19: 1990.2. | Q19: 대졸
E20: 1990.3.~1994.2. | I20: 고려대학교 | L20: 수학과 | N20: 1994.2.
B23: 경 력 | E23: 재 직 기 간 | K23: 근 무 부 서 | N23: 직 장 명 | P23: 직 위 | R23: 근 무 년 수
E24: 35309 | H24: 35489 | K24: 전임강사 | N24: 한수위학원 | R24: =(H24-E24)/365 -> 0.49315068
E25: 35521 | H25: 36830 | K25: 편집부 | N25: (주)교원 | P25: 주임 | R25: =(H25-E25)/365 -> 3.5863014
E26: 36831 | H26: 38503 | K26: 편집부 | N26: 웅진씽크빅 | P26: 대리 | R26: =(H26-E26)/365 -> 4.5808219
E27: 39508 | H27: 39872 | K27: 편집부 | N27: ㈜한솔교육 | P27: 대리 | R27: =(H27-E27)/365 -> 0.99726027
R28: =(H28-E28)/365 -> 0
P29: 경력합계 | R29: =SUM(R24:T28) -> 9.6575342
B30: 가 족 사 항 | E30: 성 명 | H30: 관 계 | J30: 생년월일 | M30: 직 업 | P30: 학력 | S30: 비고
E31: 김윤진 | H31: 처 | J31: 1973.2.12 | M31: 회사원 | P31: 대졸
E32: 김하은 | H32: 자녀 | J32: 1998.7.3 | M32: 중학생
E33: 김하빈 | H33: 자녀 | J33: 2003.7.4 | M33: 초등학생

Sheet 박대헌_퇴사
B1: 직원 인사 기록 카드
B2: =TODAY() -> 46113
B3: 입 사 일 자 | E3: 41253 | L3: 퇴 사 일 자 | O3: =인사현황!U50 -> 41698 | Y3: 소속본부 및 팀 | AC3: 학원사업본부 | AG3: 가맹영업팀
B5: 이 름 | E5: 박 대 헌 | L5: 종 교 | N5: 없음 | R5: 사 진
B6: 생 년 월 일 | E6: 31464 | L6: 나 이 | N6: =DATEDIF(E6,TODAY(),"y") -> 40
B7: 주민등록번호 | E7: 860221-1466326 | L7: 근속연수 | N7: =(B2-E3)/365 -> 13.315068
B8: 현 주 소 | E8: 인천시 남동구 간석4동 | K8: 청실아파트 가동 501호
B9: 거 주 지 | E9: 인천시 남동구 간석4동 청실아파트 가동 501호
B10: 전 화 번 호 | E10: 010-2256-9299 | M10: 결혼유무
B11: 자 격 사 항 | E11: 종 류 | J11: 취 득 일 | O11: 특 기 | R11: 등산
E12: 운전면허 1종 보통 | J12: 40922
B15: 병 력 사 항
E16: 기 간 | G16: 2005.11.9 ~ 2007. 11.8 | N16: 최종 계급 | Q16: 병 장
E17: 군 별 | G17: 의무경찰 | N17: 병 과 | Q17: 소총수
B18: 학 력 | E18: 기 간 | I18: 학교 및 전공 | N18: 졸업년월 | Q18: 최종학력
E19: 2001.3-2004.2 | I19: 인천외국어고등학교 | N19: 2004년3월 | Q19: 대졸
E20: 2004.3-2011.3 | I20: 충주대학교 | K20: 중국어과 | N20: 2011년2월
B23: 경 력 | E23: 재 직 기 간 | K23: 근 무 부 서 | N23: 직 장 명 | P23: 직 위 | R23: 근 무 년 수
E24: 40603 | H24: 41141 | K24: 국어수학 | N24: 한솔교육 | P24: 교사 | R24: =(H24-E24)/365 -> 1.4739726
E25: 0000-00-00 | H25: 0000-00-00 | R25: =(H25-E25)/365 -> #VALUE!
E26: 0000-00-00 | H26: 0000-00-00 | R26: =(H26-E26)/365 -> #VALUE!
E27: 0000-00-00 | H27: 0000-00-00 | R27: =(H27-E27)/365 -> #VALUE!
E28: 0000-00-00 | H28: 0000-00-00 | R28: =(H28-E28)/365 -> #VALUE!
P29: 경력합계 | R29: =SUM(R24:T28) -> #VALUE!
B30: 가 족 사 항 | E30: 성 명 | H30: 관 계 | J30: 생년월일 | M30: 직 업 | P30: 학력 | S30: 비고
E31: 박인대 | H31: 부 | J31: 24289 | M31: 자영업 | P31: 대졸
E32: 이선희 | H32: 모 | J32: 25221 | M32: 교사 | P32: 대학원졸
E33: 박수빈 | H33: 여동생 | J33: 35051 | M33: 학생 | P33: 고재
E34: 박유빈 | H34: 여동생 | J34: 36776 | M34: 학생 | P34: 초재

Sheet 김용권_퇴사
B1: 직원 인사 기록 카드
B2: =TODAY() -> 46113
B3: 입 사 일 자 | E3: 40784 | L3: 퇴 사 일 자 | W3: 소속본부 및 팀 | AA3: 학원사업본부 | AE3: 학원마케팅파트
B5: 이 름 | E5: 김 용 권 | L5: 종 교 | N5: 기독교 | R5: 사 진
B6: 생 년 월 일 | E6: 30280 | L6: 나 이 | N6: =DATEDIF(E6,TODAY(),"y") -> 43
B7: 주민등록번호 | E7: 821125-1018932 | L7: 근속연수 | N7: =(B2-E3)/365 -> 14.6
B8: 현 주 소 | E8: 경기도 광주시 송정동 | K8: 412-8번지 수목빌 202호
B9: 거 주 지 | E9: 경기도 광주시 송정동 412-8번지 수목빌 202호
B10: 전 화 번 호 | E10: 031)793-0207 / 010-4584-2082 | M10: 결혼유무
B11: 자 격 사 항 | E11: 종 류 | J11: 취 득 일 | O11: 특 기
E12: ITQ OA Master | J12: 38888
B15: 병 력 사 항
E16: 기 간 | N16: 최종 계급
E17: 군 별 | N17: 병 과
B18: 학 력 | E18: 기 간 | I18: 학교 및 전공 | N18: 졸업년월 | Q18: 최종학력
E19: 1998~2001 | I19: 배재고등학교 | N19: 2001년 1월 | Q19: 대졸
E20: 2001~2006 | I20: 숭실대학교 | L20: 수학과 | N20: 2006년 2월
B23: 경 력 | E23: 재 직 기 간 | K23: 근 무 부 서 | N23: 직 장 명 | P23: 직 위 | R23: 근 무 년 수
E24: 39140 | H24: 40178 | K24: 편집부 | N24: MSE Research Korea | P24: 대리 | R24: =(H24-E24)/365 -> 2.8438356
E25: 40252 | H25: 40755 | K25: 중등수학팀 | N25: 타임교육 | P25: 사원 | R25: =(H25-E25)/365 -> 1.3780822
R26: =(H26-E26)/365 -> 0
R27: =(H27-E27)/365 -> 0
R28: =(H28-E28)/365 -> 0
P29: 경력합계 | R29: =SUM(R24:T28) -> 4.2219178
B30: 가 족 사 항 | E30: 성 명 | H30: 관 계 | J30: 생년월일 | M30: 직 업 | P30: 학력 | S30: 비고
E31: 김정남 | H31: 아버지 | J31: 18957 | M31: 자영업 | P31: 고졸
E32: 한미화 | H32: 어머니 | J32: 21117 | M32: 요양복지사 | P32: 고졸
E33: 김미현 | H33: 누나 | J33: 29462 | M33: 교사 | P33: 석사

Sheet 박대헌_퇴사(1)
B1: 직원 인사 기록 카드
B2: =TODAY() -> 46113
B3: 입 사 일 자 | E3: 43507 | L3: 퇴 사 일 자 | W3: 소속본부 및 팀 | AA3: 학원사업본부 | AE3: 가맹영업팀
B5: 이 름 | E5: 박대헌 | L5: 종 교 | R5: 사 진
B6: 생 년 월 일 | E6: 31464 | L6: 나 이 | N6: =DATEDIF(E6,TODAY(),"y") -> 40
B7: 주민등록번호 | E7: 860221-1466326 | L7: 근속연수 | N7: =(B2-E3)/365 -> 7.139726
B8: 현 주 소 | E8: 인천시 남구 | K8: 숙골로 88번길 46(도화동,e편한세상)601-2404호
B9: 거 주 지 | E9: 인천시 남구 숙골로 88번길 46(도화동,e편한세상)601-2404호
B10: 전 화 번 호 | E10: 010-2256-9299 | M10: 결혼유무
B11: 자 격 사 항 | E11: 종 류 | J11: 취 득 일 | O11: 특 기
B15: 병 력 사 항
E16: 기 간 | G16: 2005.11.9 ~ 2007. 11.8 | N16: 최종 계급 | Q16: 병 장
E17: 군 별 | G17: 의무경찰 | N17: 병 과 | Q17: 소총수
B18: 학 력 | E18: 기 간 | I18: 학교 및 전공 | N18: 졸업년월 | Q18: 최종학력
E19: 2001.3-2004.2 | I19: 인천외국어고등학교 | N19: 2004년3월 | Q19: 대졸
E20: 2004.3-2011.3 | I20: 충주대학교 | K20: 중국어과 | N20: 2011년2월
B23: 경 력 | E23: 재 직 기 간 | K23: 근 무 부 서 | N23: 직 장 명 | P23: 직 위 | R23: 근 무 년 수
E24: 40603 | H24: 41141 | K24: 국어수학 | N24: 한솔교육 | P24: 교사 | R24: =(H24-E24)/365 -> 1.4739726
E25: 41244 | H25: 43131 | K25: 가맹영업팀 | N25: 오메가포인트 | P25: 대리 | R25: =(H25-E25)/365 -> 5.169863
E26: 43191 | H26: 43496 | K26: 상담관리 | N26: 시매쓰 송도 | P26: 실장 | R26: =(H26-E26)/365 -> 0.83561644
P29: 경력합계 | R29: =SUM(R24:T28) -> 7.4794521
B30: 가 족 사 항 | E30: 성 명 | H30: 관 계 | J30: 생년월일 | M30: 직 업 | P30: 학력 | S30: 비고
E31: 한세희 | H31: 처 | J31: 32867

Sheet 이우기_퇴사
B1: 직원 인사 기록 카드
B2: =TODAY() -> 46113
B3: 입 사 일 자 | E3: 36951 | L3: 퇴 사 일 자 | O3: =인사현황!U5 -> 0 | W3: 소속본부 및 팀 | AA3: 경영지원본부
B5: 이 름 | E5: 이 우 기 | L5: 종 교 | N5: 무 | R5: 사 진
B6: 생 년 월 일 | E6: 23892 | L6: 나 이 | N6: =DATEDIF(E6,TODAY(),"y") -> 60
B7: 주민등록번호 | E7: 650530-1644018 | L7: 근속연수 | N7: =(B2-E3)/365 -> 25.10137
B8: 현 주 소 | E8: 경기도 성남시 분당구 | K8: 금곡동 청솔마을 한라아파트 303-703
B9: 거 주 지 | E9: 상동
B10: 전 화 번 호 | E10: 016-202-9819 | M10: 결혼유무
B11: 자 격 사 항 | E11: 종 류 | J11: 취 득 일 | O11: 특 기
B15: 병 력 사 항
E16: 기 간 | N16: 최종 계급
E17: 군 별 | N17: 병 과
B18: 학 력 | E18: 기 간 | I18: 학교 및 전공 | N18: 졸업년월 | Q18: 최종학력
E19: 1983.03 ~ 1990.08 | I19: 서울대학교 | L19: 수학과 | N19: 1990.08 | Q19: 대졸
B23: 경 력 | E23: 재 직 기 간 | K23: 근 무 부 서 | N23: 직 장 명 | P23: 직 위 | R23: 근 무 년 수
E24: 32994 | H24: 35462 | N24: 웅진미디어 | P24: 대리 | R24: =(H24-E24)/365 -> 6.7616438
E25: 35490 | H25: 36373 | N25: 서강대언론대학원 | P25: 팀장 | R25: =(H25-E25)/365 -> 2.4191781
E26: 36434 | H26: 36923 | N26: 웅진닷컴 | P26: 과장 | R26: =(H26-E26)/365 -> 1.339726
P29: 경력합계 | R29: =SUM(R24:T28) -> 10.520548
B30: 가 족 사 항 | E30: 성 명 | H30: 관 계 | J30: 생년월일 | M30: 직 업 | P30: 학력 | S30: 비고
E31: 정미순 | H31: 배우자 | J31: 24392 | P31: 대졸
E32: 이종관 | H32: 자 | J32: 33977 | P32: 학생
E33: 이다예 | H33: 자 | J33: 34554 | P33: 학생

Sheet 원혜인_퇴사
B1: 직원 인사 기록 카드
B2: =TODAY() -> 46113
B3: 입 사 일 자 | E3: 42780 | L3: 퇴 사 일 자 | W3: 소속본부 및 팀 | AA3: 출판신사업본부 | AE3: 출판마케팅파트
B5: 이 름 | E5: 원 혜 인 | L5: 종 교 | R5: 사 진
B6: 생 년 월 일 | E6: 34106 | L6: 나 이 | N6: =DATEDIF(E6,TODAY(),"y") -> 32
B7: 주민등록번호 | E7: 930517-2149815 | L7: 근속연수 | N7: =(B2-E3)/365 -> 9.1315068
B8: 현 주 소 | E8: 인천광역시 남동구 | L8: 백범로 404, 603호(간석동, 도시에창오피스텔)
B9: 거 주 지 | E9: 인천광역시 남동구 백범로 404, 603호(간석동, 도시에창오피스텔)
B10: 전 화 번 호 | E10: 010-7146-8853 | M10: 결혼유무
B11: 자 격 사 항 | E11: 종 류 | J11: 취 득 일 | O11: 특 기
B15: 병 력 사 항
E16: 기 간 | N16: 최종 계급
E17: 군 별 | N17: 병 과
B18: 학 력 | E18: 기 간 | I18: 학교 및 전공 | N18: 졸업년월 | Q18: 최종학력
Q19: 대졸
E20: 2012-03~2017-02 | I20: 덕성여자대학교 | K20: 정치외교학 | N20: 42794
B23: 경 력 | E23: 재 직 기 간 | K23: 근 무 부 서 | N23: 직 장 명 | P23: 직 위 | R23: 근 무 년 수
P29: 경력합계 | R29: =SUM(R24:T28) -> 0
B30: 가 족 사 항 | E30: 성 명 | H30: 관 계 | J30: 생년월일 | M30: 직 업 | P30: 학력 | S30: 비고

Sheet 심순자_퇴사
B1: 직원 인사 기록 카드
B2: =TODAY() -> 46113
B3: 입 사 일 자 | E3: 41699 | L3: 퇴 사 일 자 | O3: =인사현황!U19 -> 0 | W3: 소속본부 및 팀 | AA3: 연구소 | AE3: 개발2팀
B5: 이 름 | E5: 심 순 자 | L5: 종 교 | R5: 사 진
B6: 생 년 월 일 | E6: 25936 | L6: 나 이 | N6: =DATEDIF(E6,TODAY(),"y") -> 55
B7: 주민등록번호 | E7: 710103-2634530 | L7: 근속연수 | N7: =(B2-E3)/365 -> 12.093151
B8: 현 주 소 | E8: 서울시 마포구 | L8: 동교동 154-24 302호
B9: 거 주 지 | E9: 서울시 마포구 동교동 154-24 302호
B10: 전 화 번 호 | E10: 010-3247-9335 | M10: 결혼유무
B11: 자 격 사 항 | E11: 종 류 | J11: 취 득 일 | O11: 특 기
E12: 평생교육사 자격증 | J12: 2005.01
E13: 2종 운전면허 | J13: 1999.05
B15: 병 력 사 항
E16: 기 간 | N16: 최종 계급
E17: 군 별 | N17: 병 과
B18: 학 력 | E18: 기 간 | I18: 학교 및 전공 | N18: 졸업년월 | Q18: 최종학력
E19: 1987.3~1990.2 | I19: 순천여자고등학교 | N19: 32932 | Q19: 학사
E20: 1990.3~1994.2 | I20: 이화여대 | K20: 통계학 | N20: 34393
E21: 2002.3~2005.8 | I21: 방통대 | L21: 교육학 | N21: 38594
B23: 경 력 | E23: 재 직 기 간 | K23: 근 무 부 서 | N23: 직 장 명 | P23: 직 위 | R23: 근 무 년 수
E24: 34335 | H24: 35307 | K24: 편집부 | N24: ㈜교육채널 | P24: 사원 | R24: =(H24-E24)/365 -> 2.6630137
E25: 35309 | H25: 35826 | K25: 편집부 | N25: ㈜교학사 | P25: 사원 | R25: =(H25-E25)/365 -> 1.4164384
E26: 36312 | H26: 39478 | K26: 편집부 | N26: ㈜천재문화 | P26: 대리 | R26: =(H26-E26)/365 -> 8.6739726
E27: 39479 | H27: 41698 | K27: 컨텐츠개발팀 | N27: ㈜타임교육 | P27: 차장 | R27: =(H27-E27)/365 -> 6.0794521
P29: 경력합계 | R29: =SUM(R24:T28) -> 18.832877
B30: 가 족 사 항 | E30: 성 명 | H30: 관 계 | J30: 생년월일 | M30: 직 업 | P30: 학력 | S30: 비고
E31: 이여범 | H31: 남편
E32: 이준희 | H32: 자
E33: 이담희 | H33: 녀

Sheet 이유미_퇴사
B1: 직원 인사 기록 카드
B2: =TODAY() -> 46113
B3: 입 사 일 자 | E3: 40959 | L3: 퇴 사 일 자 | O3: =인사현황!U86 -> 44501 | W3: 소속본부 및 팀 | AA3: 연구소 | AE3: 개발2팀
B5: 이 름 | E5: 이 유 미 | L5: 종 교 | N5: 없음 | R5: 사 진
B6: 생 년 월 일 | E6: 29419 | L6: 나 이 | N6: =DATEDIF(E6,TODAY(),"y") -> 45
B7: 주민등록번호 | E7: 801025-2574711 | L7: 근속연수 | N7: =(B2-E3)/365 -> 14.120548
B8: 현 주 소 | E8: 경기도 용인시 수지구 | K8: 풍덕천로 52 현대성우아파트 811-901호
B9: 거 주 지 | E9: 경기도 용인시 수지구 풍덕천로 52 현대성우아파트 811-901호
B10: 전 화 번 호 | E10: 010-2610-6796 | M10: 결혼유무
B11: 자 격 사 항 | E11: 종 류 | J11: 취 득 일 | O11: 특 기
E12: 정보처리기사 | J12: 37477
E13: 중등학교 정교사(수학) | J13: 38771
B15: 병 력 사 항
E16: 기 간 | N16: 최종 계급
E17: 군 별 | N17: 병 과
B18: 학 력 | E18: 기 간 | I18: 학교 및 전공 | N18: 졸업년월 | Q18: 최종학력
E19: 2004-2006 | I19: 충북대학교 | L19: 수학과 | N19: 2006년 02월 | Q19: 대졸
B23: 경 력 | E23: 재 직 기 간 | K23: 근 무 부 서 | N23: 직 장 명 | P23: 직 위 | R23: 근 무 년 수
E24: 37865 | H24: 38045 | K24: 교무부 | N24: 목포마리아회고등학교 | P24: 교사 | R24: =(H24-E24)/365 -> 0.49315068
E25: 39173 | H25: 39386 | K25: 컨텐츠개발팀 | N25: MPDA | P25: 사원 | R25: =(H25-E25)/365 -> 0.58356164
E26: 39417 | H26: 40209 | K26: 편집 1팀 | N26: 시스컴 | P26: 사원 | R26: =(H26-E26)/365 -> 2.169863
E27: 40210 | H27: 40955 | K27: 초등사업팀 | N27: 교육지대 | P27: 사원 | R27: =(H27-E27)/365 -> 2.0410959
P29: 경력합계 | R29: =SUM(R24:T28) -> 5.2876712
B30: 가 족 사 항 | E30: 성 명 | H30: 관 계 | J30: 생년월일 | M30: 직 업 | P30: 학력 | S30: 비고
E31: 강민기 | H31: 남편 | J31: 29362 | M31: 회사원 | P31: 대졸
E32: 강채훈 | H32: 아들 | J32: 40883

Sheet 김길중_퇴사
B1: 직원 인사 기록 카드
B2: =TODAY() -> 46113
B3: 입 사 일 자 | E3: 39356 | L3: 퇴 사 일 자 | O3: =인사현황!U8 -> 0 | W3: 소속본부 및 팀 | AA3: 학원사업본부
B5: 이 름 | E5: 김 길 중 | L5: 종 교 | R5: 사 진
B6: 생 년 월 일 | E6: 24400 | L6: 나 이 | N6: =DATEDIF(E6,TODAY(),"y") -> 59
B7: 주민등록번호 | E7: 661020-1345438 | L7: 근속연수 | N7: =(B2-E3)/365 -> 18.512329
B8: 현 주 소 | E8: 경기도 수원시 권선구 | K8: 탑동 776-2 4층
B9: 거 주 지 | E9: 상 동
B10: 전 화 번 호 | E10: 031-947-4801 | M10: 결혼유무
B11: 자 격 사 항 | E11: 종 류 | J11: 취 득 일 | O11: 특 기
B15: 병 력 사 항
E16: 기 간 | N16: 최종 계급
E17: 군 별 | N17: 병 과
B18: 학 력 | E18: 기 간 | I18: 학교 및 전공 | N18: 졸업년월 | Q18: 최종학력
E19: 1985 ~ 1990 | I19: 경북대학교 | L19: 교육학과 | N19: 1990.02 | Q19: 대졸
B23: 경 력 | E23: 재 직 기 간 | K23: 근 무 부 서 | N23: 직 장 명 | P23: 직 위 | R23: 근 무 년 수
E24: 33664 | H24: 35581 | K24: 해태사업부 | N24: 해태그룹 | P24: 대리 | R24: =(H24-E24)/365 -> 5.2520548
E25: 35886 | H25: 37407 | K25: 사업부 | N25: 이찬진컴퓨터교실 | P25: 부장 | R25: =(H25-E25)/365 -> 4.1671233
E26: 37408 | H26: 38199 | K26: 기획홍보실 | N26: 글사임당 | P26: 실장 | R26: =(H26-E26)/365 -> 2.1671233
E27: 38200 | H27: 38929 | K27: 프랜차이즈사업부 | N27: 하늘아이 | P27: 부장 | R27: =(H27-E27)/365 -> 1.9972603
E28: 38899 | H28: 39233 | K28: 직영사업부 | N28: 학천미디어 | P28: 차장 | R28: =(H28-E28)/365 -> 0.91506849
P29: 경력합계 | R29: =SUM(R24:T28) -> 14.49863
B30: 가 족 사 항 | E30: 성 명 | H30: 관 계 | J30: 생년월일 | M30: 직 업 | P30: 학력 | S30: 비고
E31: 조영화 | H31: 처 | M31: 주부
E32: 김하얀 | H32: 자 | M32: 학생

Sheet 유기선_퇴사
B1: 직원 인사 기록 카드
B2: =TODAY() -> 46113
B3: 입 사 일 자 | E3: 43155 | L3: 퇴 사 일 자 | W3: 소속본부 및 팀 | AA3: 연구소 | AE3: 개발2팀
B5: 이 름 | E5: 유 기 선 | L5: 종 교 | R5: 사 진
B6: 생 년 월 일 | E6: 32823 | L6: 나 이 | N6: =DATEDIF(E6,TODAY(),"y") -> 36
B7: 주민등록번호 | E7: 891111-2055415 | L7: 근속연수 | N7: =(B2-E3)/365 -> 8.1041096
B8: 현 주 소 | E8: 서울시 서초구 | K8: 반포2동 애미안 117-603
B9: 거 주 지 | E9: 서울시 서초구 반포2동 애미안 117-603
B10: 전 화 번 호 | E10: 010-4723-3238 | M10: 결혼유무
B11: 자 격 사 항 | E11: 종 류 | J11: 취 득 일 | O11: 특 기
B15: 병 력 사 항
E16: 기 간 | N16: 최종 계급
E17: 군 별 | N17: 병 과
B18: 학 력 | E18: 기 간 | I18: 학교 및 전공 | N18: 졸업년월 | Q18: 최종학력
E19: 2008.02~2012.02 | I19: 서강대 | L19: 수학과 | N19: 2012.02 | Q19: 석사
E20: 2012.02~2014.08 | I20: 연세대 | L20: 수학교육과 | N20: 2014.08
B23: 경 력 | E23: 재 직 기 간 | K23: 근 무 부 서 | N23: 직 장 명 | P23: 직 위 | R23: 근 무 년 수
R24: =(H24-E24)/365 -> 0
R25: =(H25-E25)/365 -> 0
R26: =(H26-E26)/365 -> 0
P29: 경력합계 | R29: =SUM(R24:T28) -> 0
B30: 가 족 사 항 | E30: 성 명 | H30: 관 계 | J30: 생년월일 | M30: 직 업 | P30: 학력 | S30: 비고

Sheet 이승희_퇴사
B1: 직원 인사 기록 카드
B2: =TODAY() -> 46113
B3: 입 사 일 자 | E3: 43252 | L3: 퇴 사 일 자 | W3: 소속본부 및 팀 | AA3: 연구소 | AE3: 개발2팀
B5: 이 름 | E5: 이 승 희 | L5: 종 교 | R5: 사 진
B6: 생 년 월 일 | E6: 33615 | L6: 나 이 | N6: =DATEDIF(E6,TODAY(),"y") -> 34
B7: 주민등록번호 | E7: 920112-1030511 | L7: 근속연수 | N7: =(B2-E3)/365 -> 7.8383562
B8: 현 주 소 | E8: 서울시 동작구 | K8: 동작대로29길 119 109-1103호(사당동, 극동아파트)
B9: 거 주 지 | E9: 서울시 동작구 동작대로29길 119 109-1103호(사당동, 극동아파트)
B10: 전 화 번 호 | E10: 010-7273-1393 | M10: 결혼유무
B11: 자 격 사 항 | E11: 종 류 | J11: 취 득 일 | O11: 특 기
B15: 병 력 사 항
E16: 기 간 | N16: 최종 계급
E17: 군 별 | N17: 병 과
B18: 학 력 | E18: 기 간 | I18: 학교 및 전공 | N18: 졸업년월 | Q18: 최종학력
E19: 2009~2011 | I19: Morthwest Missouri state University | L19: Mathmatics & Science | N19: 2011 | Q19: 대졸
E20: 2011~2015 | I20: Boston University | L20: chemistry | N20: 2015
B23: 경 력 | E23: 재 직 기 간 | K23: 근 무 부 서 | N23: 직 장 명 | P23: 직 위 | R23: 근 무 년 수
R24: =(H24-E24)/365 -> 0
R25: =(H25-E25)/365 -> 0
R26: =(H26-E26)/365 -> 0
P29: 경력합계 | R29: =SUM(R24:T28) -> 0
B30: 가 족 사 항 | E30: 성 명 | H30: 관 계 | J30: 생년월일 | M30: 직 업 | P30: 학력 | S30: 비고
